so46502798,2026-07-03T12:00:00+09:00,2632720,1405,ニンジャラ　第222話　メイのイメチェン大騒動,64,0,0,0,updated_at_was_moved,https://nicovideo.cdn.nimg.jp/thumbnails/46502798/46502798.17137519
so46502799,2026-07-03T19:30:00+09:00,2632720,1475,ポケットモンスター（2023）　第142話　ミアレシティ！新たな出会い,1224,284,7,25,updated_at_was_moved,https://nicovideo.cdn.nimg.jp/thumbnails/46502799/46502799.42182284
so46502800,2026-07-03T19:00:00+09:00,2632720,1465,BEYBLADE X　第129話　天賦の才,175,12,0,1,updated_at_was_moved,https://nicovideo.cdn.nimg.jp/thumbnails/46502800/46502800.77916256
so46502801,2026-07-03T08:00:00+09:00,2632720,94,ちいかわ シーズン2　第355話　「あくむ⑦」,1117,31,3,26,updated_at_was_moved,https://nicovideo.cdn.nimg.jp/thumbnails/46502801/46502801.87441832
so46502802,2026-07-03T18:00:00+09:00,2632720,1415,ダイヤのA actⅡ -Second Season-　＃13　道果てしなく,979,16,5,13,updated_at_was_moved,https://nicovideo.cdn.nimg.jp/thumbnails/46502802/46502802.75731517
so46502803,2026-07-03T17:30:00+09:00,2632720,1432,夜桜さんちの大作戦 第２期　第39話　家族になろう,707,17,5,11,updated_at_was_moved,https://nicovideo.cdn.nimg.jp/thumbnails/46502803/46502803.44304467
so46502804,2026-07-03T00:30:00+09:00,2632720,1425,氷の城壁　第13話　認識,3349,514,13,65,updated_at_was_moved,https://nicovideo.cdn.nimg.jp/thumbnails/46502804/46502804.14404930
so46502805,2026-07-03T06:00:00+09:00,2632720,103,心臓に復讐を誓って　第30話　必ず幸せになってみせる！,98,1,0,1,updated_at_was_moved,https://nicovideo.cdn.nimg.jp/thumbnails/46502805/46502805.83666408
so46502806,2026-07-03T06:00:00+09:00,2632720,92,Mr.War -最強の元軍人-　第23話　命のやり取り,203,7,0,3,updated_at_was_moved,https://nicovideo.cdn.nimg.jp/thumbnails/46502806/46502806.72480339
so46502807,2026-07-03T00:00:00+09:00,2632720,1420,落第賢者の学院無双～二度目の転生、Sランクチート魔術師冒険録～　第２話　無適の天才 -Lost Technology-,10151,901,23,124,updated_at_was_moved,https://nicovideo.cdn.nimg.jp/thumbnails/46502807/46502807.22538196
so46502808,2026-07-03T01:00:00+09:00,2632720,1420,ヤニねこ　第1話　ニャーがヤニねこにゃ,22303,2628,414,361,updated_at_was_moved,https://nicovideo.cdn.nimg.jp/thumbnails/46502808/46502808.23850965
so46502809,2026-07-03T22:00:00+09:00,2632720,1420,ワールド イズ ダンシング　初番　人はなぜ舞うのか,2839,348,71,64,updated_at_was_moved,https://nicovideo.cdn.nimg.jp/thumbnails/46502809/46502809.44787362
so46502810,2026-07-03T02:00:00+09:00,2632720,1455,乙女怪獣キャラメリゼ　#01　乙女怪獣東京に現る,10647,1653,205,230,updated_at_was_moved,https://nicovideo.cdn.nimg.jp/thumbnails/46502810/46502810.53853537
so46502982,2026-07-03T10:00:00+09:00,2632720,335,海ノ民話　第105話　たこあみだ地蔵,8,0,0,0,updated_at_was_moved,https://nicovideo.cdn.nimg.jp/thumbnails/46502982/46502982.15203755
so46502983,2026-07-03T10:00:00+09:00,2632720,335,海ノ民話　第117話　遠見番山の人魚,10,0,0,0,updated_at_was_moved,https://nicovideo.cdn.nimg.jp/thumbnails/46502983/46502983.89308556
so46502984,2026-07-03T10:00:00+09:00,2632720,335,海ノ民話　第116話　海幸彦と山幸彦,7,0,0,0,updated_at_was_moved,https://nicovideo.cdn.nimg.jp/thumbnails/46502984/46502984.5290756
so46502985,2026-07-03T10:00:00+09:00,2632720,335,海ノ民話　第115話　オマンドンの洲,8,0,0,0,updated_at_was_moved,https://nicovideo.cdn.nimg.jp/thumbnails/46502985/46502985.97144182
so46502986,2026-07-03T10:00:00+09:00,2632720,335,海ノ民話　第114話　女州と蛸,8,0,0,0,updated_at_was_moved,https://nicovideo.cdn.nimg.jp/thumbnails/46502986/46502986.60147278
so46502987,2026-07-03T10:00:00+09:00,2632720,335,海ノ民話　第113話　クジラとイノシシ,7,0,0,0,updated_at_was_moved,https://nicovideo.cdn.nimg.jp/thumbnails/46502987/46502987.51007999
so46502988,2026-07-03T10:00:00+09:00,2632720,335,海ノ民話　第112話　鯛寄せ石,10,0,0,0,updated_at_was_moved,https://nicovideo.cdn.nimg.jp/thumbnails/46502988/46502988.78932620
so46502989,2026-07-03T10:00:00+09:00,2632720,335,海ノ民話　第111話　手島若宮神社のご神体,7,0,0,0,updated_at_was_moved,https://nicovideo.cdn.nimg.jp/thumbnails/46502989/46502989.38838764
so46502990,2026-07-03T10:00:00+09:00,2632720,335,海ノ民話　第110話　西圓寺の狸囃子,9,0,0,0,updated_at_was_moved,https://nicovideo.cdn.nimg.jp/thumbnails/46502990/46502990.76402318
so46502991,2026-07-03T10:00:00+09:00,2632720,335,海ノ民話　第109話　高島のおイセさん,7,0,0,0,updated_at_was_moved,https://nicovideo.cdn.nimg.jp/thumbnails/46502991/46502991.11929104
so46502992,2026-07-03T10:00:00+09:00,2632720,335,海ノ民話　第108話　海の神様,8,0,0,0,updated_at_was_moved,https://nicovideo.cdn.nimg.jp/thumbnails/46502992/46502992.85116622
so46502993,2026-07-03T10:00:00+09:00,2632720,335,海ノ民話　第107話　福姫伝説,8,0,0,0,updated_at_was_moved,https://nicovideo.cdn.nimg.jp/thumbnails/46502993/46502993.1401939
so46502994,2026-07-03T10:00:00+09:00,2632720,335,海ノ民話　第106話　おまんさん,8,0,0,0,updated_at_was_moved,https://nicovideo.cdn.nimg.jp/thumbnails/46502994/46502994.13670945
so46502995,2026-07-03T10:00:00+09:00,2632720,335,海ノ民話　第93話　オタモイ地蔵,9,0,0,0,updated_at_was_moved,https://nicovideo.cdn.nimg.jp/thumbnails/46502995/46502995.38762014
so46502996,2026-07-03T10:00:00+09:00,2632720,335,海ノ民話　第104話　嫁が淵,8,0,0,0,updated_at_was_moved,https://nicovideo.cdn.nimg.jp/thumbnails/46502996/46502996.31314381
so46503038,2026-07-03T10:00:00+09:00,2632720,335,海ノ民話　第94話　天妃様,7,0,0,0,updated_at_was_moved,https://nicovideo.cdn.nimg.jp/thumbnails/46503038/46503038.65503942
so46503039,2026-07-03T10:00:00+09:00,2632720,335,海ノ民話　第95話　大淵の怪,10,0,0,0,updated_at_was_moved,https://nicovideo.cdn.nimg.jp/thumbnails/46503039/46503039.64197767
so46503040,2026-07-03T10:00:00+09:00,2632720,335,海ノ民話　第96話　織姫塚,7,0,0,0,updated_at_was_moved,https://nicovideo.cdn.nimg.jp/thumbnails/46503040/46503040.75113368
so46503041,2026-07-03T10:00:00+09:00,2632720,335,海ノ民話　第97話　弘法清水,9,0,0,0,updated_at_was_moved,https://nicovideo.cdn.nimg.jp/thumbnails/46503041/46503041.84970428
so46503042,2026-07-03T10:00:00+09:00,2632720,335,海ノ民話　第98話　カミの話,7,0,0,0,updated_at_was_moved,https://nicovideo.cdn.nimg.jp/thumbnails/46503042/46503042.51104770
so46503043,2026-07-03T10:00:00+09:00,2632720,335,海ノ民話　第99話　海苔の起源,8,0,0,0,updated_at_was_moved,https://nicovideo.cdn.nimg.jp/thumbnails/46503043/46503043.37251172
so46503044,2026-07-03T10:00:00+09:00,2632720,335,海ノ民話　第100話　赤い靴,10,0,0,0,updated_at_was_moved,https://nicovideo.cdn.nimg.jp/thumbnails/46503044/46503044.41356004
so46503045,2026-07-03T10:00:00+09:00,2632720,335,海ノ民話　第101話　新治神社の霊火,10,0,0,0,updated_at_was_moved,https://nicovideo.cdn.nimg.jp/thumbnails/46503045/46503045.61415595
so46503046,2026-07-03T10:00:00+09:00,2632720,335,海ノ民話　第102話　エビス合戦,13,0,0,1,updated_at_was_moved,https://nicovideo.cdn.nimg.jp/thumbnails/46503046/46503046.77416502
so46503047,2026-07-03T10:00:00+09:00,2632720,335,海ノ民話　第103話　神部神社の曳舟,18,0,0,1,updated_at_was_moved,https://nicovideo.cdn.nimg.jp/thumbnails/46503047/46503047.15909838
so46506302,2026-07-06T00:30:00+09:00,2632720,1439,さよならララ　第1話　人魚姫ララ,3658,586,113,67,updated_at_was_moved,https://nicovideo.cdn.nimg.jp/thumbnails/46506302/46506302.21104925
so46506303,2026-07-04T20:30:00+09:00,2632720,1421,無職転生Ⅲ ～異世界行ったら本気だす～　第2話　吠えよ狂犬,39117,2842,76,637,updated_at_was_moved,https://nicovideo.cdn.nimg.jp/thumbnails/46506303/46506303.14372127
so46506304,2026-07-05T01:00:00+09:00,2632720,2860,魔法少女リリカルなのは EXCEEDS Gun Blaze Vengeance　＃01　久瀬シイナ Origin,13660,2398,221,270,updated_at_was_moved,https://nicovideo.cdn.nimg.jp/thumbnails/46506304/46506304.80362572
so46506305,2026-07-05T00:00:00+09:00,2632720,1428,天幕のジャードゥーガル　第1幕　天にあるもの　地にあるもの,5492,613,146,127,updated_at_was_moved,https://nicovideo.cdn.nimg.jp/thumbnails/46506305/46506305.59771301
so46506306,2026-07-05T00:00:00+09:00,2632720,1423,天幕のジャードゥーガル　第2幕　サファルに咲く薔薇,3736,414,10,97,updated_at_was_moved,https://nicovideo.cdn.nimg.jp/thumbnails/46506306/46506306.58145077
so46506307,2026-07-06T22:30:00+09:00,2632720,1420,ここは俺に任せて先に行けと言ってから10年がたったら伝説になっていた。　第1話　帰ったら英雄になっていた,13732,1345,235,234,updated_at_was_moved,https://nicovideo.cdn.nimg.jp/thumbnails/46506307/46506307.16939712
so46506308,2026-07-05T22:00:00+09:00,2632720,1420,世界最強の後衛 ～迷宮国の新人探索者～　第一話　迷宮国の新人探索者,9720,1053,141,130,updated_at_was_moved,https://nicovideo.cdn.nimg.jp/thumbnails/46506308/46506308.52204570
so46506309,2026-07-06T23:30:00+09:00,2632720,1420,炎の闘球女 ドッジ弾子　第1話　炎の闘球女！一撃弾子！,9190,1609,167,259,updated_at_was_moved,https://nicovideo.cdn.nimg.jp/thumbnails/46506309/46506309.560435
so46506310,2026-07-05T02:00:00+09:00,2632720,1368,「きみを愛する気はない」と言った次期公爵様がなぜか溺愛してきます　第1話　みせかけの結婚,5627,466,98,99,updated_at_was_moved,https://nicovideo.cdn.nimg.jp/thumbnails/46506310/46506310.90930492
so46506311,2026-07-05T00:30:00+09:00,2632720,1440,鬼の花嫁　第一話　運命,4454,631,88,61,updated_at_was_moved,https://nicovideo.cdn.nimg.jp/thumbnails/46506311/46506311.93875189
so46506312,2026-07-04T23:00:00+09:00,2632720,1420,岩元先輩ノ推薦　《第１話》　黒イ雪,2444,137,46,41,updated_at_was_moved,https://nicovideo.cdn.nimg.jp/thumbnails/46506312/46506312.24367159
so46506313,2026-07-04T20:00:00+09:00,2632720,1421,無職転生Ⅲ ～異世界行ったら本気だす～　第1話　燃えよ狂犬,41640,2250,392,717,updated_at_was_moved,https://nicovideo.cdn.nimg.jp/thumbnails/46506313/46506313.9139686
so46506314,2026-07-05T17:00:00+09:00,2632720,1426,レッツゴー怪奇組　第1話　第一怪,6902,893,111,261,updated_at_was_moved,https://nicovideo.cdn.nimg.jp/thumbnails/46506314/46506314.33923582
so46506315,2026-07-05T00:30:00+09:00,2632720,1420,グロウアップショウ ～ひまわりのサーカス団～　第1話　「ようこそ、ひまわりサーカスへ！」,9855,1372,174,201,updated_at_was_moved,https://nicovideo.cdn.nimg.jp/thumbnails/46506315/46506315.41693039
so46506316,2026-07-06T01:15:00+09:00,2632720,510,アズールレーン びそくぜんしんっ！にっ！！　第1話　冒険の旅にしゅっぱーつ！,2886,90,71,66,updated_at_was_moved,https://nicovideo.cdn.nimg.jp/thumbnails/46506316/46506316.64701212
so46506370,2026-07-04T06:00:00+09:00,2632720,98,Mr.War -最強の元軍人-　第24話　脳裏に響く声,205,4,0,2,updated_at_was_moved,https://nicovideo.cdn.nimg.jp/thumbnails/46506370/46506370.69697580
so46506371,2026-07-06T12:00:00+09:00,2632720,180,新あはれ！名作くん　第1話　お久しぶりです名作です,362,12,4,9,updated_at_was_moved,https://nicovideo.cdn.nimg.jp/thumbnails/46506371/46506371.8572267
so46506372,2026-07-04T00:00:00+09:00,2632720,1430,うちの弟どもがすみません　第1話　ようこそ成田家へ,4219,825,72,85,updated_at_was_moved,https://nicovideo.cdn.nimg.jp/thumbnails/46506372/46506372.48074930
so46506392,2026-07-05T07:30:00+09:00,2632720,160,小3アシベ QQゴマちゃん　第13話　アシベな調べ,112,3,0,1,updated_at_was_moved,https://nicovideo.cdn.nimg.jp/thumbnails/46506392/46506392.75173085
so46506393,2026-07-04T22:00:00+09:00,2632720,1420,BLACK TORCH　#01　未来は俺等の手の中,3036,160,58,45,updated_at_was_moved,https://nicovideo.cdn.nimg.jp/thumbnails/46506393/46506393.64315367
so46506394,2026-07-05T23:00:00+09:00,2632720,1430,君のことが大大大大大好きな100人の彼女 第3期　第25話　いとこの彼女,25858,4552,257,531,updated_at_was_moved,https://nicovideo.cdn.nimg.jp/thumbnails/46506394/46506394.94749891
so46506395,2026-07-06T00:56:00+09:00,2632720,1421,追放された転生重騎士はゲーム知識で無双する　第1話　重騎士エルマ,7924,1014,158,123,updated_at_was_moved,https://nicovideo.cdn.nimg.jp/thumbnails/46506395/46506395.36326694
so46506396,2026-07-04T01:30:00+09:00,2632720,713,『うしろの正面カムイさん』ミニアニメ劇場　ミニアニメ劇場 その1,3446,385,66,125,updated_at_was_moved,https://nicovideo.cdn.nimg.jp/thumbnails/46506396/46506396.40716381
so46506397,2026-07-04T01:30:00+09:00,2632720,720,うしろの正面カムイさん【オンエア版】　第1話　メリーさん／テケテケ,12010,1136,217,286,updated_at_was_moved,https://nicovideo.cdn.nimg.jp/thumbnails/46506397/46506397.51017436
so46506398,2026-07-06T21:30:00+09:00,2632720,1421,最強出涸らし皇子の暗躍帝位争い　第1話　出涸らし皇子,8591,791,143,128,updated_at_was_moved,https://nicovideo.cdn.nimg.jp/thumbnails/46506398/46506398.25024617
so46506399,2026-07-04T21:30:00+09:00,2632720,1420,猫と竜　第2話　母猫と少女,11610,1470,25,339,updated_at_was_moved,https://nicovideo.cdn.nimg.jp/thumbnails/46506399/46506399.56846341
so46506400,2026-07-04T20:30:00+09:00,2632720,1430,骸骨騎士様、只今異世界へお出掛け中Ⅱ　第1話　死闘？ 白銀の騎士対白銀の騎士！,19370,2193,314,415,updated_at_was_moved,https://nicovideo.cdn.nimg.jp/thumbnails/46506400/46506400.21875787
so46506401,2026-07-06T22:00:00+09:00,2632720,1440,透明な夜に駆ける君と、目に見えない恋をした。　第1話　出会い,3641,464,91,67,updated_at_was_moved,https://nicovideo.cdn.nimg.jp/thumbnails/46506401/46506401.20020563
so46506419,2026-07-04T12:00:00+09:00,2632720,330,ぼのぼの(2016)　第520話　最後のおとうさんのイボ勝負？,59,1,0,1,updated_at_was_moved,https://nicovideo.cdn.nimg.jp/thumbnails/46506419/46506419.37882837
so46506420,2026-07-04T12:00:00+09:00,2632720,122,ぬいストーリー2　第90話　わたあめは重い,120,1,1,1,updated_at_was_moved,https://nicovideo.cdn.nimg.jp/thumbnails/46506420/46506420.51101852
so46506421,2026-07-05T08:01:00+09:00,2632720,112,コウペンちゃん　第66話　「田んぼを見にいこー」,185,6,1,5,updated_at_was_moved,https://nicovideo.cdn.nimg.jp/thumbnails/46506421/46506421.13680984
so46506437,2026-07-04T01:30:00+09:00,2632720,1515,ヘルモード ～やり込み好きのゲーマーは廃設定の異世界で無双する～　第13話　学園都市へ！,10412,1153,77,198,updated_at_was_moved,https://nicovideo.cdn.nimg.jp/thumbnails/46506437/46506437.18039753
so46506438,2026-07-06T00:30:00+09:00,2632720,1430,左ききのエレン　第13話　天才になれなかった全ての人へ,642,37,4,12,updated_at_was_moved,https://nicovideo.cdn.nimg.jp/thumbnails/46506438/46506438.71122144
so46506439,2026-07-06T18:00:00+09:00,2632720,1500,魔入りました！入間くん　第４シリーズ　第14話　教師寮へ潜入せよ！／女子会に新メンバー！？,753,0,6,10,updated_at_was_moved,https://nicovideo.cdn.nimg.jp/thumbnails/46506439/46506439.63526434
so46506440,2026-07-06T00:00:00+09:00,2632720,1440,レプリカだって、恋をする。　Episode 13　そして、レプリカは。,736,124,2,17,updated_at_was_moved,https://nicovideo.cdn.nimg.jp/thumbnails/46506440/46506440.71616154
so46506465,2026-07-06T00:00:00+09:00,2632720,1420,黒猫と魔女の教室　第13話　麦星の追想,2441,362,6,46,updated_at_was_moved,https://nicovideo.cdn.nimg.jp/thumbnails/46506465/46506465.27393
so46506466,2026-07-04T23:00:00+09:00,2632720,1450,転生したらスライムだった件 第4期　第85話　新しい仲間達,23592,1983,78,354,updated_at_was_moved,https://nicovideo.cdn.nimg.jp/thumbnails/46506466/46506466.4710625
so46506467,2026-07-05T00:00:00+09:00,2632720,1420,黄泉のツガイ　第十三話　大凶と小凶,7250,565,27,150,updated_at_was_moved,https://nicovideo.cdn.nimg.jp/thumbnails/46506467/46506467.65334728
so46506468,2026-07-04T08:30:00+09:00,2632720,1460,カードファイト!! ヴァンガード 15周年リマスター　第12話　アイチVSカムイ,141,1,1,1,updated_at_was_moved,https://nicovideo.cdn.nimg.jp/thumbnails/46506468/46506468.59149215
so46506469,2026-07-04T09:30:00+09:00,2632720,90,アニメ「リラックマ」（Rilakkuma）　#14,156,8,1,3,updated_at_was_moved,https://nicovideo.cdn.nimg.jp/thumbnails/46506469/46506469.50246596
so46506470,2026-07-05T07:30:00+09:00,2632720,160,テレビアニメ「クマーバ」シーズン3　第13話　クマーバレスキューしゅつどう！,30,0,0,0,updated_at_was_moved,https://nicovideo.cdn.nimg.jp/thumbnails/46506470/46506470.99633187
so46506471,2026-07-05T06:00:00+09:00,2632720,119,Mr.War -最強の元軍人-　第25話　拳と弾丸,198,3,0,2,updated_at_was_moved,https://nicovideo.cdn.nimg.jp/thumbnails/46506471/46506471.79119939
so46506472,2026-07-06T06:00:00+09:00,2632720,113,Mr.War -最強の元軍人-　第26話　殺戮ドローン再び,208,0,0,2,updated_at_was_moved,https://nicovideo.cdn.nimg.jp/thumbnails/46506472/46506472.47034615
so46506562,2026-07-10T00:00:00+09:00,2632720,90,ぽちゃーズ　第26話　「仲良いのに喧嘩するヤツら」,9,0,0,0,updated_at_was_moved,https://nicovideo.cdn.nimg.jp/thumbnails/46506562/46506562.70356045
so46506563,2026-07-10T00:00:00+09:00,2632720,90,ぽちゃーズ　第34話　「ぽちゃトラvsぽちゃゾウ②」,6,0,0,0,updated_at_was_moved,https://nicovideo.cdn.nimg.jp/thumbnails/46506563/46506563.69262511
so46506564,2026-07-10T00:00:00+09:00,2632720,90,ぽちゃーズ　第33話　「寝てない自慢③」,7,0,0,0,updated_at_was_moved,https://nicovideo.cdn.nimg.jp/thumbnails/46506564/46506564.852174
so46506565,2026-07-10T00:00:00+09:00,2632720,90,ぽちゃーズ　第32話　「バスケットボール編」,6,0,0,0,updated_at_was_moved,https://nicovideo.cdn.nimg.jp/thumbnails/46506565/46506565.27520463
so46506566,2026-07-10T00:00:00+09:00,2632720,90,ぽちゃーズ　第31話　「どっちがいいと思う？」,6,0,0,0,updated_at_was_moved,https://nicovideo.cdn.nimg.jp/thumbnails/46506566/46506566.75486404
so46506567,2026-07-10T00:00:00+09:00,2632720,90,ぽちゃーズ　第30話　「仲直り早すぎるヤツら」,6,0,0,0,updated_at_was_moved,https://nicovideo.cdn.nimg.jp/thumbnails/46506567/46506567.88267545
so46506568,2026-07-10T00:00:00+09:00,2632720,90,ぽちゃーズ　第29話　「りんご編」,6,0,0,0,updated_at_was_moved,https://nicovideo.cdn.nimg.jp/thumbnails/46506568/46506568.11958734
so46506569,2026-07-10T00:00:00+09:00,2632720,90,ぽちゃーズ　第28話　「知ったかぶりするヤツ」,7,0,0,0,updated_at_was_moved,https://nicovideo.cdn.nimg.jp/thumbnails/46506569/46506569.92966748
so46506570,2026-07-10T00:00:00+09:00,2632720,90,ぽちゃーズ　第27話　「モテる理由」,7,0,0,0,updated_at_was_moved,https://nicovideo.cdn.nimg.jp/thumbnails/46506570/46506570.33915430
so46506571,2026-07-10T00:00:00+09:00,2632720,90,ぽちゃーズ　第35話　「伝言で喧嘩するヤツら」,7,0,0,0,updated_at_was_moved,https://nicovideo.cdn.nimg.jp/thumbnails/46506571/46506571.78439740
so46506572,2026-07-10T00:00:00+09:00,2632720,90,ぽちゃーズ　第25話　「惑星編」,9,0,0,0,updated_at_was_moved,https://nicovideo.cdn.nimg.jp/thumbnails/46506572/46506572.99079997
so46506573,2026-07-10T00:00:00+09:00,2632720,90,ぽちゃーズ　第24話　「せっかちなヤツ③」,8,0,0,0,updated_at_was_moved,https://nicovideo.cdn.nimg.jp/thumbnails/46506573/46506573.4649618
so46506574,2026-07-10T00:00:00+09:00,2632720,90,ぽちゃーズ　第23話　「回転寿司編」,7,0,0,0,updated_at_was_moved,https://nicovideo.cdn.nimg.jp/thumbnails/46506574/46506574.29081710
so46506575,2026-07-10T00:00:00+09:00,2632720,90,ぽちゃーズ　第22話　「モテてる自慢②」,7,0,0,0,updated_at_was_moved,https://nicovideo.cdn.nimg.jp/thumbnails/46506575/46506575.82439941
so46506576,2026-07-10T00:00:00+09:00,2632720,90,ぽちゃーズ　第21話　「自信がスゴすぎるヤツ」,6,0,0,0,updated_at_was_moved,https://nicovideo.cdn.nimg.jp/thumbnails/46506576/46506576.52471055
so46506618,2026-07-10T00:00:00+09:00,2632720,90,ぽちゃーズ　第39話　「クリームソーダ編」,7,0,0,0,updated_at_was_moved,https://nicovideo.cdn.nimg.jp/thumbnails/46506618/46506618.86394936
so46506619,2026-07-10T00:00:00+09:00,2632720,90,ぽちゃーズ　第10話　「たこ焼き編」,7,0,0,0,updated_at_was_moved,https://nicovideo.cdn.nimg.jp/thumbnails/46506619/46506619.1282968
so46506620,2026-07-10T00:00:00+09:00,2632720,90,ぽちゃーズ　第11話　「ツンデレなヤツ②」,10,0,0,0,updated_at_was_moved,https://nicovideo.cdn.nimg.jp/thumbnails/46506620/46506620.86644090
so46506621,2026-07-10T00:00:00+09:00,2632720,90,ぽちゃーズ　第12話　「ボウリング編」,8,0,0,0,updated_at_was_moved,https://nicovideo.cdn.nimg.jp/thumbnails/46506621/46506621.67385672
so46506622,2026-07-10T00:00:00+09:00,2632720,90,ぽちゃーズ　第13話　「せっかちなヤツ②」,8,0,0,0,updated_at_was_moved,https://nicovideo.cdn.nimg.jp/thumbnails/46506622/46506622.555613
so46506623,2026-07-10T00:00:00+09:00,2632720,90,ぽちゃーズ　第14話　「話を合わせるヤツ」,7,0,0,0,updated_at_was_moved,https://nicovideo.cdn.nimg.jp/thumbnails/46506623/46506623.51035468
so46506624,2026-07-10T00:00:00+09:00,2632720,90,ぽちゃーズ　第15話　「ビリヤード編」,11,0,0,0,updated_at_was_moved,https://nicovideo.cdn.nimg.jp/thumbnails/46506624/46506624.40731652
so46506625,2026-07-10T00:00:00+09:00,2632720,90,ぽちゃーズ　第16話　「ぽちゃトラvsぽちゃゾウ」,8,0,0,0,updated_at_was_moved,https://nicovideo.cdn.nimg.jp/thumbnails/46506625/46506625.25649216
so46506626,2026-07-10T00:00:00+09:00,2632720,90,ぽちゃーズ　第17話　「天然すぎるヤツ」,7,0,0,0,updated_at_was_moved,https://nicovideo.cdn.nimg.jp/thumbnails/46506626/46506626.1259521
so46506627,2026-07-10T00:00:00+09:00,2632720,90,ぽちゃーズ　第18話　「三色団子編」,7,0,0,0,updated_at_was_moved,https://nicovideo.cdn.nimg.jp/thumbnails/46506627/46506627.79270852
so46506628,2026-07-10T00:00:00+09:00,2632720,90,ぽちゃーズ　第19話　「モテてると勘違いするヤツ」,7,0,0,0,updated_at_was_moved,https://nicovideo.cdn.nimg.jp/thumbnails/46506628/46506628.16187532
so46506629,2026-07-10T00:00:00+09:00,2632720,90,ぽちゃーズ　第20話　「寝てない自慢②」,7,0,0,0,updated_at_was_moved,https://nicovideo.cdn.nimg.jp/thumbnails/46506629/46506629.91725103
so46506630,2026-07-10T00:00:00+09:00,2632720,90,ぽちゃーズ　第36話　「アメリカンクラッカー編」,9,0,0,0,updated_at_was_moved,https://nicovideo.cdn.nimg.jp/thumbnails/46506630/46506630.59861708
so46506631,2026-07-10T00:00:00+09:00,2632720,90,ぽちゃーズ　第37話　「ジャズってくるヤツ」,6,0,0,0,updated_at_was_moved,https://nicovideo.cdn.nimg.jp/thumbnails/46506631/46506631.74979921
so46506632,2026-07-10T00:00:00+09:00,2632720,90,ぽちゃーズ　第38話　「予告編だけで大興奮してくるヤツ」,6,0,0,0,updated_at_was_moved,https://nicovideo.cdn.nimg.jp/thumbnails/46506632/46506632.27389632
so46506657,2026-07-10T00:00:00+09:00,2632720,90,ぽちゃーズ　第43話　「つりばし効果」,8,0,0,0,updated_at_was_moved,https://nicovideo.cdn.nimg.jp/thumbnails/46506657/46506657.87044475
so46506658,2026-07-10T00:00:00+09:00,2632720,90,ぽちゃーズ　第3話　「せっかちなヤツ」,13,1,0,0,updated_at_was_moved,https://nicovideo.cdn.nimg.jp/thumbnails/46506658/46506658.32097093
so46506670,2026-07-10T00:00:00+09:00,2632720,90,ぽちゃーズ　第42話　「マウントを取ってくるヤツ」,8,0,0,0,updated_at_was_moved,https://nicovideo.cdn.nimg.jp/thumbnails/46506670/46506670.82381338
so46506671,2026-07-10T00:00:00+09:00,2632720,90,ぽちゃーズ　第2話　「不思議ちゃんぶってくるヤツ」,17,0,0,0,updated_at_was_moved,https://nicovideo.cdn.nimg.jp/thumbnails/46506671/46506671.77602672
so46506672,2026-07-10T00:00:00+09:00,2632720,90,ぽちゃーズ　第4話　「寝てない自慢」,9,0,0,0,updated_at_was_moved,https://nicovideo.cdn.nimg.jp/thumbnails/46506672/46506672.11057308
so46506673,2026-07-10T00:00:00+09:00,2632720,90,ぽちゃーズ　第5話　「モテてる自慢」,9,0,0,0,updated_at_was_moved,https://nicovideo.cdn.nimg.jp/thumbnails/46506673/46506673.36488458
so46506674,2026-07-10T00:00:00+09:00,2632720,90,ぽちゃーズ　第6話　「ツンデレなヤツ」,8,0,0,0,updated_at_was_moved,https://nicovideo.cdn.nimg.jp/thumbnails/46506674/46506674.50946200
so46506675,2026-07-10T00:00:00+09:00,2632720,90,ぽちゃーズ　第7話　「三段アイス編」,7,0,0,0,updated_at_was_moved,https://nicovideo.cdn.nimg.jp/thumbnails/46506675/46506675.38808733
so46506676,2026-07-10T00:00:00+09:00,2632720,90,ぽちゃーズ　第8話　「不思議ちゃんぶってくるヤツ②」,8,0,0,0,updated_at_was_moved,https://nicovideo.cdn.nimg.jp/thumbnails/46506676/46506676.82145779
so46506677,2026-07-10T00:00:00+09:00,2632720,90,ぽちゃーズ　第9話　「チャラいって何？」,7,0,0,0,updated_at_was_moved,https://nicovideo.cdn.nimg.jp/thumbnails/46506677/46506677.95468472
so46506678,2026-07-10T00:00:00+09:00,2632720,90,ぽちゃーズ　第40話　「天然すぎるヤツ②」,7,0,0,0,updated_at_was_moved,https://nicovideo.cdn.nimg.jp/thumbnails/46506678/46506678.30896616
so46506679,2026-07-10T00:00:00+09:00,2632720,90,ぽちゃーズ　第41話　「仲裁で喧嘩するヤツら」,6,0,0,0,updated_at_was_moved,https://nicovideo.cdn.nimg.jp/thumbnails/46506679/46506679.92963807
so46506680,2026-07-10T00:00:00+09:00,2632720,90,ぽちゃーズ　第1話　「鼻であしらうヤツ」,140,0,3,2,updated_at_was_moved,https://nicovideo.cdn.nimg.jp/thumbnails/46506680/46506680.58996780
so46506681,2026-07-10T00:00:00+09:00,2632720,90,ぽちゃーズ　第44話　「海ナメてるヤツ」,6,0,0,0,updated_at_was_moved,https://nicovideo.cdn.nimg.jp/thumbnails/46506681/46506681.23275521
so46506682,2026-07-10T00:00:00+09:00,2632720,90,ぽちゃーズ　第45話　「お弁当編」,8,0,0,0,updated_at_was_moved,https://nicovideo.cdn.nimg.jp/thumbnails/46506682/46506682.50071951
so46506708,2026-07-14T00:00:00+09:00,2632720,641,きかんしゃトーマス（シリーズ15）　第362話　くっついたトーマス,8,0,0,0,updated_at_was_moved,https://nicovideo.cdn.nimg.jp/thumbnails/46506708/46506708.89882367
so46506709,2026-07-10T00:00:00+09:00,2632720,90,ぽちゃーズ　第52話　「寝てない自慢④」,11,0,0,0,updated_at_was_moved,https://nicovideo.cdn.nimg.jp/thumbnails/46506709/46506709.93147430
so46506710,2026-07-10T00:00:00+09:00,2632720,90,ぽちゃーズ　第51話　「マネしないで！」,8,0,0,0,updated_at_was_moved,https://nicovideo.cdn.nimg.jp/thumbnails/46506710/46506710.8995790
so46506733,2026-07-14T00:00:00+09:00,2632720,641,きかんしゃトーマス（シリーズ15）　第361話　トーマスとバーティー,7,0,0,0,updated_at_was_moved,https://nicovideo.cdn.nimg.jp/thumbnails/46506733/46506733.50746849
so46506734,2026-07-10T00:00:00+09:00,2632720,90,ぽちゃーズ　第50話　「必死に隠したいヤツ」,7,0,0,0,updated_at_was_moved,https://nicovideo.cdn.nimg.jp/thumbnails/46506734/46506734.32927915
so46506735,2026-07-10T00:00:00+09:00,2632720,90,ぽちゃーズ　第49話　「体育館編」,8,0,0,0,updated_at_was_moved,https://nicovideo.cdn.nimg.jp/thumbnails/46506735/46506735.93642216
so46506736,2026-07-10T00:00:00+09:00,2632720,90,ぽちゃーズ　第48話　「自信がスゴすぎるヤツ②」,8,0,0,0,updated_at_was_moved,https://nicovideo.cdn.nimg.jp/thumbnails/46506736/46506736.47410064
so46506737,2026-07-10T00:00:00+09:00,2632720,90,ぽちゃーズ　第47話　「コショコショ喧嘩」,7,0,0,0,updated_at_was_moved,https://nicovideo.cdn.nimg.jp/thumbnails/46506737/46506737.48585630
so46506739,2026-07-10T00:00:00+09:00,2632720,90,ぽちゃーズ　第46話　「愛され自慢」,9,0,0,0,updated_at_was_moved,https://nicovideo.cdn.nimg.jp/thumbnails/46506739/46506739.63695772
so46506740,2026-07-14T00:00:00+09:00,2632720,641,きかんしゃトーマス（シリーズ15）　第368話　とくしゅしょうぼうしゃフリン,8,0,0,0,updated_at_was_moved,https://nicovideo.cdn.nimg.jp/thumbnails/46506740/46506740.53604360
so46506741,2026-07-14T00:00:00+09:00,2632720,641,きかんしゃトーマス（シリーズ15）　第367話　ツリーをかざろう!,7,0,0,0,updated_at_was_moved,https://nicovideo.cdn.nimg.jp/thumbnails/46506741/46506741.61819684
so46506742,2026-07-14T00:00:00+09:00,2632720,641,きかんしゃトーマス（シリーズ15）　第366話　ゆきだるまのパーシー,6,0,0,0,updated_at_was_moved,https://nicovideo.cdn.nimg.jp/thumbnails/46506742/46506742.71373707
so46506743,2026-07-14T00:00:00+09:00,2632720,641,きかんしゃトーマス（シリーズ15）　第365話　グラグラのきてき,6,0,0,0,updated_at_was_moved,https://nicovideo.cdn.nimg.jp/thumbnails/46506743/46506743.8873927
so46506744,2026-07-14T00:00:00+09:00,2632720,641,きかんしゃトーマス（シリーズ15）　第364話　ケビンのじまんのフック,6,0,0,0,updated_at_was_moved,https://nicovideo.cdn.nimg.jp/thumbnails/46506744/46506744.82911158
so46506745,2026-07-14T00:00:00+09:00,2632720,641,きかんしゃトーマス（シリーズ15）　第363話　あたらしいなかまベル,9,0,0,0,updated_at_was_moved,https://nicovideo.cdn.nimg.jp/thumbnails/46506745/46506745.58636003
so46506787,2026-07-14T00:00:00+09:00,2632720,641,きかんしゃトーマス（シリーズ15）　第349話　ゴードンとファーディナンド,171,1,2,2,updated_at_was_moved,https://nicovideo.cdn.nimg.jp/thumbnails/46506787/46506787.66317554
so46506788,2026-07-14T00:00:00+09:00,2632720,640,きかんしゃトーマス（シリーズ15）　第350話　トビーとバッシュ,9,0,0,0,updated_at_was_moved,https://nicovideo.cdn.nimg.jp/thumbnails/46506788/46506788.54637866
so46506817,2026-07-14T00:00:00+09:00,2632720,641,きかんしゃトーマス（シリーズ15）　第351話　エミリーとダッシュ,7,0,0,0,updated_at_was_moved,https://nicovideo.cdn.nimg.jp/thumbnails/46506817/46506817.79245688
so46506818,2026-07-14T00:00:00+09:00,2632720,641,きかんしゃトーマス（シリーズ15）　第352話　パーシーのあたらしいともだち,10,0,0,0,updated_at_was_moved,https://nicovideo.cdn.nimg.jp/thumbnails/46506818/46506818.83101861
so46506819,2026-07-14T00:00:00+09:00,2632720,641,きかんしゃトーマス（シリーズ15）　第353話　エドワードはヒーロー,10,0,0,0,updated_at_was_moved,https://nicovideo.cdn.nimg.jp/thumbnails/46506819/46506819.86836591
so46506820,2026-07-14T00:00:00+09:00,2632720,641,きかんしゃトーマス（シリーズ15）　第354話　レスキューきかんしゃジェームス,9,0,0,0,updated_at_was_moved,https://nicovideo.cdn.nimg.jp/thumbnails/46506820/46506820.56818601
so46506821,2026-07-14T00:00:00+09:00,2632720,641,きかんしゃトーマス（シリーズ15）　第355話　ヒロのホームシック,8,0,0,0,updated_at_was_moved,https://nicovideo.cdn.nimg.jp/thumbnails/46506821/46506821.1108257
so46506822,2026-07-14T00:00:00+09:00,2632720,641,きかんしゃトーマス（シリーズ15）　第356話　おおきなふうせん,13,0,0,0,updated_at_was_moved,https://nicovideo.cdn.nimg.jp/thumbnails/46506822/46506822.63555609
so46506823,2026-07-14T00:00:00+09:00,2632720,641,きかんしゃトーマス（シリーズ15）　第357話　ヘンリーのとくべつなせきたん,11,0,0,1,updated_at_was_moved,https://nicovideo.cdn.nimg.jp/thumbnails/46506823/46506823.42271233
so46506824,2026-07-14T00:00:00+09:00,2632720,641,きかんしゃトーマス（シリーズ15）　第358話　ゆきよ、ふれ!,9,0,0,0,updated_at_was_moved,https://nicovideo.cdn.nimg.jp/thumbnails/46506824/46506824.78192362
so46506825,2026-07-14T00:00:00+09:00,2632720,642,きかんしゃトーマス（シリーズ15）　第359話　すてきなクリスマス・パーティー,14,0,0,0,updated_at_was_moved,https://nicovideo.cdn.nimg.jp/thumbnails/46506825/46506825.46275698
so46506852,2026-07-14T00:00:00+09:00,2632720,641,きかんしゃトーマス（シリーズ15）　第360話　スペンサーとふかいきり,24,0,0,0,updated_at_was_moved,https://nicovideo.cdn.nimg.jp/thumbnails/46506852/46506852.71419082
so46507095,2026-07-10T00:00:00+09:00,2632720,1420,帝乃三姉妹は案外、チョロい。　第1話　「天才と、凡人。」,2334,113,85,26,updated_at_was_moved,https://nicovideo.cdn.nimg.jp/thumbnails/46507095/46507095.62401690
so46507096,2026-07-10T00:00:00+09:00,2632720,1420,帝乃三姉妹は案外、チョロい。　第12話　「誰かの、ため。」,289,16,1,5,updated_at_was_moved,https://nicovideo.cdn.nimg.jp/thumbnails/46507096/46507096.41088114
so46507097,2026-07-10T00:00:00+09:00,2632720,1420,帝乃三姉妹は案外、チョロい。　第11話　「わかってた、コト。」,282,7,1,5,updated_at_was_moved,https://nicovideo.cdn.nimg.jp/thumbnails/46507097/46507097.92194046
so46507098,2026-07-10T00:00:00+09:00,2632720,1420,帝乃三姉妹は案外、チョロい。　第10話　「天才の、陰。」,299,5,1,5,updated_at_was_moved,https://nicovideo.cdn.nimg.jp/thumbnails/46507098/46507098.75734570
so46507099,2026-07-10T00:00:00+09:00,2632720,1420,帝乃三姉妹は案外、チョロい。　第9話　「キュンを、くれてやる。」,312,25,1,5,updated_at_was_moved,https://nicovideo.cdn.nimg.jp/thumbnails/46507099/46507099.94549968
so46507100,2026-07-10T00:00:00+09:00,2632720,1420,帝乃三姉妹は案外、チョロい。　第8話　「絶対、勝てます。」,307,15,1,5,updated_at_was_moved,https://nicovideo.cdn.nimg.jp/thumbnails/46507100/46507100.73981880
so46507101,2026-07-10T00:00:00+09:00,2632720,1420,帝乃三姉妹は案外、チョロい。　第7話　「本当の、理由は。」,297,8,1,6,updated_at_was_moved,https://nicovideo.cdn.nimg.jp/thumbnails/46507101/46507101.99964189
so46507102,2026-07-10T00:00:00+09:00,2632720,1420,帝乃三姉妹は案外、チョロい。　第6話　「これは、デート。」,343,11,1,5,updated_at_was_moved,https://nicovideo.cdn.nimg.jp/thumbnails/46507102/46507102.87375356
so46507103,2026-07-10T00:00:00+09:00,2632720,1420,帝乃三姉妹は案外、チョロい。　第5話　「父の、教え。」,358,8,1,5,updated_at_was_moved,https://nicovideo.cdn.nimg.jp/thumbnails/46507103/46507103.98020720
so46507104,2026-07-10T00:00:00+09:00,2632720,1480,帝乃三姉妹は案外、チョロい。　第4話　「三人の、思い出を。」,395,10,1,5,updated_at_was_moved,https://nicovideo.cdn.nimg.jp/thumbnails/46507104/46507104.14775819
so46507105,2026-07-10T00:00:00+09:00,2632720,1420,帝乃三姉妹は案外、チョロい。　第3話　家族に、なりたい。,467,31,2,6,updated_at_was_moved,https://nicovideo.cdn.nimg.jp/thumbnails/46507105/46507105.33880917
so46507106,2026-07-10T00:00:00+09:00,2632720,1420,帝乃三姉妹は案外、チョロい。　第2話　「彼女の、秘密。」,606,39,2,7,updated_at_was_moved,https://nicovideo.cdn.nimg.jp/thumbnails/46507106/46507106.14720819
so46507107,2026-07-16T00:00:00+09:00,2632720,1440,負けヒロインが多すぎる！　第1話　「プロ幼馴染八奈見杏菜の負けっぷり」,19807,1263,517,392,updated_at_was_moved,https://nicovideo.cdn.nimg.jp/thumbnails/46507107/46507107.47622584
so46507108,2026-07-16T00:00:00+09:00,2632720,1440,負けヒロインが多すぎる！　最終話　「俺はひょっとして、最終話で負けヒロインの横にいるポッと出のモブキャラなのだろうか」,3020,284,12,58,updated_at_was_moved,https://nicovideo.cdn.nimg.jp/thumbnails/46507108/46507108.96595637
so46507109,2026-07-16T00:00:00+09:00,2632720,1440,負けヒロインが多すぎる！　第11話　「結果責任についての話をしようか」,2906,208,10,45,updated_at_was_moved,https://nicovideo.cdn.nimg.jp/thumbnails/46507109/46507109.13987752
so46507176,2026-07-16T00:00:00+09:00,2632720,1440,負けヒロインが多すぎる！　第2話　「約束された敗北を君に」,7392,509,13,102,updated_at_was_moved,https://nicovideo.cdn.nimg.jp/thumbnails/46507176/46507176.87761860
so46507215,2026-07-16T00:00:00+09:00,2632720,1440,負けヒロインが多すぎる！　第3話　「戦う前から負けている」,5498,441,12,69,updated_at_was_moved,https://nicovideo.cdn.nimg.jp/thumbnails/46507215/46507215.14958829
so46507216,2026-07-16T00:00:00+09:00,2632720,1500,負けヒロインが多すぎる！　第4話　「負けヒロインを覗く時、負けヒロインもまたあなたを覗いているのだ」,4858,417,14,70,updated_at_was_moved,https://nicovideo.cdn.nimg.jp/thumbnails/46507216/46507216.33377606
so46507217,2026-07-16T00:00:00+09:00,2632720,1440,負けヒロインが多すぎる！　第5話　「朝雲千早は惑わせる」,5448,565,23,93,updated_at_was_moved,https://nicovideo.cdn.nimg.jp/thumbnails/46507217/46507217.40179897
so46507218,2026-07-16T00:00:00+09:00,2632720,1440,負けヒロインが多すぎる！　第6話　「振られたことのない者だけが、負けヒロインに石を投げなさい」,4292,420,11,58,updated_at_was_moved,https://nicovideo.cdn.nimg.jp/thumbnails/46507218/46507218.3982467
so46507219,2026-07-16T00:00:00+09:00,2632720,1440,負けヒロインが多すぎる！　第7話　「ハッピーエンドの向こう側」,3712,248,9,56,updated_at_was_moved,https://nicovideo.cdn.nimg.jp/thumbnails/46507219/46507219.46166345
so46507220,2026-07-16T00:00:00+09:00,2632720,1440,負けヒロインが多すぎる！　第8話　「おこまりでしたらコンサルに」,3550,264,11,46,updated_at_was_moved,https://nicovideo.cdn.nimg.jp/thumbnails/46507220/46507220.81407761
so46507245,2026-07-16T00:00:00+09:00,2632720,1440,負けヒロインが多すぎる！　第9話　「先生は天井の染みかなんかだと思って、続きをどうぞ」,3295,282,11,44,updated_at_was_moved,https://nicovideo.cdn.nimg.jp/thumbnails/46507245/46507245.12065161
so46507246,2026-07-16T00:00:00+09:00,2632720,1440,負けヒロインが多すぎる！　第10話　「さようならには早すぎる」,3158,217,11,39,updated_at_was_moved,https://nicovideo.cdn.nimg.jp/thumbnails/46507246/46507246.16187706
so46518598,2026-07-07T08:00:00+09:00,2632720,95,ちいかわ シーズン2　第356話　「あくむ⑧」,1167,32,4,27,updated_at_was_moved,https://nicovideo.cdn.nimg.jp/thumbnails/46518598/46518598.90074808
so46518599,2026-07-07T17:00:00+09:00,2632720,1460,おねがいアイプリ　第14話　わたしのハイセンス！,429,12,3,3,updated_at_was_moved,https://nicovideo.cdn.nimg.jp/thumbnails/46518599/46518599.25059631
so46518600,2026-07-07T00:30:00+09:00,2632720,1430,LIAR GAME　第14話　独裁,2426,175,5,50,updated_at_was_moved,https://nicovideo.cdn.nimg.jp/thumbnails/46518600/46518600.31384896
so46518601,2026-07-07T00:00:00+09:00,2632720,60,げっかん！なんものアニメ　第15話　大さんせいたいそう,91,2,0,1,updated_at_was_moved,https://nicovideo.cdn.nimg.jp/thumbnails/46518601/46518601.44216152
so46518602,2026-07-07T06:00:00+09:00,2632720,90,Mr.War -最強の元軍人-　第27話　静寂に響く羽音,195,2,0,2,updated_at_was_moved,https://nicovideo.cdn.nimg.jp/thumbnails/46518602/46518602.27973528
so46518603,2026-07-07T02:30:00+09:00,2632720,1421,捨てられ聖女の異世界ごはん旅 隠れスキルでキャンピングカーを召喚しました　第1話　異世界トラウト一本釣り！　～鬼さん添えて～,12933,1696,233,269,updated_at_was_moved,https://nicovideo.cdn.nimg.jp/thumbnails/46518603/46518603.61810819
so46518604,2026-07-07T00:00:00+09:00,2632720,1441,転校先の清楚可憐な美少女が、昔男子と思って一緒に遊んだ幼馴染だった件　第1話　「始まりの、夏の日」,8658,1255,128,126,updated_at_was_moved,https://nicovideo.cdn.nimg.jp/thumbnails/46518604/46518604.91784302
so46518605,2026-07-07T22:00:00+09:00,2632720,329,身代わり令嬢を救ったのは冷酷無慈悲な氷の王子の愛でした　第1話　白銀の幕開け,2552,61,31,17,updated_at_was_moved,https://nicovideo.cdn.nimg.jp/thumbnails/46518605/46518605.90525842
so46518606,2026-07-07T21:30:00+09:00,2632720,1430,対ありでした。～お嬢さまは格闘ゲームなんてしない～　第1話　格ゲーはもうやめる,13555,2286,182,286,updated_at_was_moved,https://nicovideo.cdn.nimg.jp/thumbnails/46518606/46518606.84950373
so46518607,2026-07-07T22:30:00+09:00,2632720,1510,無自覚聖女は今日も無意識に力を垂れ流す　第2話　戦好きの第二皇子,5939,727,11,95,updated_at_was_moved,https://nicovideo.cdn.nimg.jp/thumbnails/46518607/46518607.82077463
so46518608,2026-07-07T02:30:00+09:00,2632720,1425,ブチ切れ令嬢は報復を誓いました。 ～魔導書の力で祖国を叩き潰します～　第1話　絶望と報復の誓い,12751,1535,207,221,updated_at_was_moved,https://nicovideo.cdn.nimg.jp/thumbnails/46518608/46518608.62479820
so46518609,2026-07-07T02:25:00+09:00,2632720,1370,株式会社マジルミエ 第2期　第1話　誰もが憧れる立派なひとつの職業,5125,584,98,130,updated_at_was_moved,https://nicovideo.cdn.nimg.jp/thumbnails/46518609/46518609.24577735
so46518610,2026-07-07T00:00:00+09:00,2632720,1380,これ描いて死ね　第1話　魔法屋敷〜こんなとき、漫画の主人公なら？,6482,888,158,163,updated_at_was_moved,https://nicovideo.cdn.nimg.jp/thumbnails/46518610/46518610.11633287
so46518716,2026-07-19T00:00:00+09:00,2632720,4256,わんだふるぷりきゅあ！ざ・むーびー！ドキドキ♡ゲームの世界で大冒険！　本編,1578,0,35,36,updated_at_was_moved,https://nicovideo.cdn.nimg.jp/thumbnails/46518716/46518716.26739848
so46518717,2026-07-18T00:00:00+09:00,2632720,6721,ブレイブ ストーリー　本編,4874,382,157,115,updated_at_was_moved,https://nicovideo.cdn.nimg.jp/thumbnails/46518717/46518717.23597096
so46522227,2026-07-10T01:00:00+09:00,2632720,1420,ヤニねこ　第2話　ニャーの後輩たちにゃ,19098,2486,37,249,updated_at_was_moved,https://nicovideo.cdn.nimg.jp/thumbnails/46522227/46522227.50171330
so46522228,2026-07-08T18:00:00+09:00,2632720,120,地球大好き！きっくん　第2話　魅惑のペペロンチーノだつん,71,1,0,0,updated_at_was_moved,https://nicovideo.cdn.nimg.jp/thumbnails/46522228/46522228.27268191
so46522229,2026-07-08T18:00:00+09:00,2632720,120,地球大好き！きっくん　第1話　地球サイコーだつん,170,2,2,1,updated_at_was_moved,https://nicovideo.cdn.nimg.jp/thumbnails/46522229/46522229.41299787
so46522230,2026-07-08T02:30:00+09:00,2632720,1370,天は赤い河のほとり　第1話　別れと出会いのキス,3395,405,69,67,updated_at_was_moved,https://nicovideo.cdn.nimg.jp/thumbnails/46522230/46522230.79570877
so46522231,2026-07-08T23:30:00+09:00,2632720,1443,『攻殻機動隊 THE GHOST IN THE SHELL』　第1話　PROLOGUE + SUPER SPARTAN i,16956,1631,301,507,updated_at_was_moved,https://nicovideo.cdn.nimg.jp/thumbnails/46522231/46522231.15765734
so46522232,2026-07-10T04:00:00+09:00,2632720,1454,乙女怪獣キャラメリゼ　#02　開かない扉,6556,1421,22,165,updated_at_was_moved,https://nicovideo.cdn.nimg.jp/thumbnails/46522232/46522232.86036150
so46522233,2026-07-08T00:00:00+09:00,2632720,1420,きみが死ぬまで恋をしたい　第1話　キス,9812,1109,180,190,updated_at_was_moved,https://nicovideo.cdn.nimg.jp/thumbnails/46522233/46522233.69847795
so46522234,2026-07-09T21:40:00+09:00,2632720,700,文豪ストレイドッグス わん！２　#02　第２わん！,409,40,4,11,updated_at_was_moved,https://nicovideo.cdn.nimg.jp/thumbnails/46522234/46522234.96277529
so46522235,2026-07-08T22:00:00+09:00,2632720,1420,クレバテスⅡ-魔獣の王と偽りの勇者伝承-　第1幕　神学校ソルセイン,6788,680,105,166,updated_at_was_moved,https://nicovideo.cdn.nimg.jp/thumbnails/46522235/46522235.40961816
so46522236,2026-07-08T23:00:00+09:00,2632720,1420,幼女戦記Ⅱ　第1話　サラマンダー戦闘団,35985,3005,504,862,updated_at_was_moved,https://nicovideo.cdn.nimg.jp/thumbnails/46522236/46522236.97808144
so46522237,2026-07-09T22:00:00+09:00,2632720,1420,令和のダラさん　第二怪　「初めての学校訪問」,17086,2433,47,499,updated_at_was_moved,https://nicovideo.cdn.nimg.jp/thumbnails/46522237/46522237.95165457
so46522238,2026-07-08T00:30:00+09:00,2632720,1420,手札が多めのビクトリア　第1話　誰にも縛られず自由に,8021,976,148,191,updated_at_was_moved,https://nicovideo.cdn.nimg.jp/thumbnails/46522238/46522238.29527617
so46522239,2026-07-08T22:00:00+09:00,2632720,328,パーフェクトアディクション　play.1,1025,11,12,19,updated_at_was_moved,https://nicovideo.cdn.nimg.jp/thumbnails/46522239/46522239.71016810
so46522240,2026-07-09T01:00:00+09:00,2632720,210,同じゼミの染谷さんがセクシー女優だった話。【オンエア版】　第1話　「させてあげるから内緒にして」,1801,58,26,18,updated_at_was_moved,https://nicovideo.cdn.nimg.jp/thumbnails/46522240/46522240.20002865
so46522241,2026-07-08T07:30:00+09:00,2632720,175,TVアニメ「ちびゴジラの逆襲」　第112話　「神隠しのわらべうた」,173,1,0,9,updated_at_was_moved,https://nicovideo.cdn.nimg.jp/thumbnails/46522241/46522241.44572311
so46522282,2026-07-10T08:00:00+09:00,2632720,89,ちいかわ シーズン2　第357話　「あくむ⑨」,1286,26,3,31,updated_at_was_moved,https://nicovideo.cdn.nimg.jp/thumbnails/46522282/46522282.84482158
so46522283,2026-07-08T00:00:00+09:00,2632720,1450,名探偵プリキュア！　第23話　くれあと推理とアイスクリーム,3679,0,12,61,updated_at_was_moved,https://nicovideo.cdn.nimg.jp/thumbnails/46522283/46522283.81936533
so46522284,2026-07-08T00:00:00+09:00,2632720,1439,鎧真伝サムライトルーパー　第13話　シンショウ,1442,325,23,39,updated_at_was_moved,https://nicovideo.cdn.nimg.jp/thumbnails/46522284/46522284.78751503
so46522285,2026-07-08T17:30:00+09:00,2632720,1447,正反対な君と僕　第13話　クリスマスイヴ,3262,387,50,60,updated_at_was_moved,https://nicovideo.cdn.nimg.jp/thumbnails/46522285/46522285.65517694
so46522286,2026-07-08T08:00:00+09:00,2632720,53,mofusand animation　第27話　サメスーツ泥棒,218,2,1,8,updated_at_was_moved,https://nicovideo.cdn.nimg.jp/thumbnails/46522286/46522286.58716255
so46522287,2026-07-09T01:00:00+09:00,2632720,1440,花ざかりの君たちへ 第2期　ep.2　強くしてください！,582,79,2,10,updated_at_was_moved,https://nicovideo.cdn.nimg.jp/thumbnails/46522287/46522287.74199073
so46522288,2026-07-08T18:00:00+09:00,2632720,1065,不死身な僕の日常　シーズン4　2　限定版インスタント麺,340,2,3,2,updated_at_was_moved,https://nicovideo.cdn.nimg.jp/thumbnails/46522288/46522288.67198272
so46522289,2026-07-09T03:00:00+09:00,2632720,186,キャンディーカリエス　第13話　エイリアン・アブダクション,126,6,0,6,updated_at_was_moved,https://nicovideo.cdn.nimg.jp/thumbnails/46522289/46522289.83296305
so46522290,2026-07-09T00:00:00+09:00,2632720,827,おねがい！ポコタ村長　第15話　ドッペルゲンガー,58,0,0,1,updated_at_was_moved,https://nicovideo.cdn.nimg.jp/thumbnails/46522290/46522290.59614425
so46522291,2026-07-08T12:00:00+09:00,2632720,780,ネコのクラちゃん ～ クラレ王国 大陸のLutte Amor ～　Episode 9　影の出現？,93,1,0,0,updated_at_was_moved,https://nicovideo.cdn.nimg.jp/thumbnails/46522291/46522291.20406728
so46522309,2026-07-08T06:00:00+09:00,2632720,97,Mr.War -最強の元軍人-　第28話　血の匂いをかぎつけたのは,164,2,0,2,updated_at_was_moved,https://nicovideo.cdn.nimg.jp/thumbnails/46522309/46522309.14125648
so46522310,2026-07-08T22:30:00+09:00,2632720,1420,ヒロイン？聖女？いいえ、オールワークスメイドです（誇）！　第３話　二人の少女は王城へ赴く,10209,906,23,190,updated_at_was_moved,https://nicovideo.cdn.nimg.jp/thumbnails/46522310/46522310.95372314
so46522311,2026-07-10T00:00:00+09:00,2632720,1420,落第賢者の学院無双～二度目の転生、Sランクチート魔術師冒険録～　第３話　外道 -OVERKILL-,8671,1027,15,116,updated_at_was_moved,https://nicovideo.cdn.nimg.jp/thumbnails/46522311/46522311.20306029
so46525823,2026-07-09T22:00:00+09:00,2632720,90,元祖！バンドリちゃん　第40話　アーティスト格付けチョイス,1126,17,3,16,updated_at_was_moved,https://nicovideo.cdn.nimg.jp/thumbnails/46525823/46525823.19407586
so46525824,2026-07-09T00:30:00+09:00,2632720,1421,神の雫　第13話　初恋の人に似し君は,452,6,6,6,updated_at_was_moved,https://nicovideo.cdn.nimg.jp/thumbnails/46525824/46525824.16779094
so46525825,2026-07-09T23:00:00+09:00,2632720,1420,バンドリ！ ゆめ∞みた　#04　たのしいかも,1814,300,10,25,updated_at_was_moved,https://nicovideo.cdn.nimg.jp/thumbnails/46525825/46525825.38357742
so46525826,2026-07-09T06:00:00+09:00,2632720,115,Mr.War -最強の元軍人-　第29話　海の王者 VS 人間,208,5,0,2,updated_at_was_moved,https://nicovideo.cdn.nimg.jp/thumbnails/46525826/46525826.45316940
so46525827,2026-07-09T00:30:00+09:00,2632720,1420,乙女ゲー世界はモブに厳しい世界です2　第1話　愛こそ、世界を救うんだよなぁ,14092,1738,201,240,updated_at_was_moved,https://nicovideo.cdn.nimg.jp/thumbnails/46525827/46525827.94916033
so46529213,2026-07-10T12:00:00+09:00,2632720,1405,ニンジャラ　第223話　贈り物は謎解きのあとに,125,0,0,0,updated_at_was_moved,https://nicovideo.cdn.nimg.jp/thumbnails/46529213/46529213.19115647
so46529215,2026-07-10T00:30:00+09:00,2632720,1415,氷の城壁　第14話　爆弾,2768,456,11,62,updated_at_was_moved,https://nicovideo.cdn.nimg.jp/thumbnails/46529215/46529215.81899962
so46529216,2026-07-10T06:00:00+09:00,2632720,141,Mr.War -最強の元軍人-　第30話　さらなる刺客!?,272,12,0,1,updated_at_was_moved,https://nicovideo.cdn.nimg.jp/thumbnails/46529216/46529216.78316536
so46529217,2026-07-10T22:00:00+09:00,2632720,1420,ワールド イズ ダンシング　第二番　あんたには身体があるじゃないか,2240,325,8,52,updated_at_was_moved,https://nicovideo.cdn.nimg.jp/thumbnails/46529217/46529217.46694463
so46529218,2026-07-10T03:08:00+09:00,2632720,1420,才女のお世話 高嶺の花だらけな名門校で、学院一のお嬢様(生活能力皆無)を陰ながらお世話することになりました　第01話　「完璧なお嬢様」,7072,820,136,97,updated_at_was_moved,https://nicovideo.cdn.nimg.jp/thumbnails/46529218/46529218.60303967
so46529219,2026-07-10T00:00:00+09:00,2632720,1430,メビウス・ダスト　第1話　ファースト・ライト,2827,219,42,25,updated_at_was_moved,https://nicovideo.cdn.nimg.jp/thumbnails/46529219/46529219.33084142
so46532438,2026-07-11T01:30:00+09:00,2632720,718,『うしろの正面カムイさん』ミニアニメ劇場　ミニアニメ劇場 その2,1961,220,5,63,updated_at_was_moved,https://nicovideo.cdn.nimg.jp/thumbnails/46532438/46532438.89887452
so46532439,2026-07-12T02:00:00+09:00,2632720,1368,「きみを愛する気はない」と言った次期公爵様がなぜか溺愛してきます　第2話　……ありがとう,3940,349,10,72,updated_at_was_moved,https://nicovideo.cdn.nimg.jp/thumbnails/46532439/46532439.51382480
so46532440,2026-07-12T00:30:00+09:00,2632720,1440,『ぐらんぶる』Season 3　第1話　やり残し,6495,569,107,95,updated_at_was_moved,https://nicovideo.cdn.nimg.jp/thumbnails/46532440/46532440.78394648
so46532441,2026-07-12T18:00:00+09:00,2632720,1415,鉄鍋のジャン！　第1話　「炎との出逢い」,12163,1330,233,320,updated_at_was_moved,https://nicovideo.cdn.nimg.jp/thumbnails/46532441/46532441.35546271
so46532442,2026-07-12T00:30:00+09:00,2632720,1439,鬼の花嫁　第二話　特別な存在,1958,427,8,40,updated_at_was_moved,https://nicovideo.cdn.nimg.jp/thumbnails/46532442/46532442.41664845
so46532443,2026-07-11T23:00:00+09:00,2632720,1420,岩元先輩ノ推薦　《第２話》　縁切リノ鎌,852,27,7,12,updated_at_was_moved,https://nicovideo.cdn.nimg.jp/thumbnails/46532443/46532443.8160920
so46532444,2026-07-13T00:30:00+09:00,2632720,1440,さよならララ　第2話　滋賀を走る,3282,614,8,65,updated_at_was_moved,https://nicovideo.cdn.nimg.jp/thumbnails/46532444/46532444.72739966
so46532445,2026-07-12T17:00:00+09:00,2632720,1426,レッツゴー怪奇組　第2話　第二怪,5491,763,16,172,updated_at_was_moved,https://nicovideo.cdn.nimg.jp/thumbnails/46532445/46532445.26364504
so46532446,2026-07-12T00:30:00+09:00,2632720,1420,グロウアップショウ ～ひまわりのサーカス団～　第2話　「それはとっても、眩しくて」,5712,1123,12,107,updated_at_was_moved,https://nicovideo.cdn.nimg.jp/thumbnails/46532446/46532446.84054542
so46532447,2026-07-13T01:15:00+09:00,2632720,510,アズールレーン びそくぜんしんっ！にっ！！　第2話　癒しの力は大切です。,2248,101,9,34,updated_at_was_moved,https://nicovideo.cdn.nimg.jp/thumbnails/46532447/46532447.17858955
so46532448,2026-07-11T01:30:00+09:00,2632720,720,うしろの正面カムイさん【オンエア版】　第2話　コックリさん,6063,622,20,146,updated_at_was_moved,https://nicovideo.cdn.nimg.jp/thumbnails/46532448/46532448.63127098
so46532449,2026-07-13T23:30:00+09:00,2632720,1420,炎の闘球女 ドッジ弾子　第2話　颯爽登場！因縁のライバル！,4684,994,10,112,updated_at_was_moved,https://nicovideo.cdn.nimg.jp/thumbnails/46532449/46532449.57222893
so46532450,2026-07-13T02:56:00+09:00,2632720,1421,追放された転生重騎士はゲーム知識で無双する　第2話　脅威の猿蜘蛛,5568,674,7,85,updated_at_was_moved,https://nicovideo.cdn.nimg.jp/thumbnails/46532450/46532450.28512900
so46532451,2026-07-12T23:00:00+09:00,2632720,1430,君のことが大大大大大好きな100人の彼女 第3期　第26話　知与ちゃんのファミリー指導,17995,3559,65,317,updated_at_was_moved,https://nicovideo.cdn.nimg.jp/thumbnails/46532451/46532451.57365030
so46532452,2026-07-11T22:00:00+09:00,2632720,1420,BLACK TORCH　#02　The Choice Is Yours,1497,66,5,23,updated_at_was_moved,https://nicovideo.cdn.nimg.jp/thumbnails/46532452/46532452.57318421
so46532497,2026-07-13T22:00:00+09:00,2632720,1440,透明な夜に駆ける君と、目に見えない恋をした。　第2話　冬月小春,1872,380,3,31,updated_at_was_moved,https://nicovideo.cdn.nimg.jp/thumbnails/46532497/46532497.82247265
so46532498,2026-07-13T00:15:00+09:00,2632720,1429,ふつつかな悪女ではございますが ～雛宮蝶鼠とりかえ伝～　第1話　ふつつかな悪女ではございますが,9580,846,172,192,updated_at_was_moved,https://nicovideo.cdn.nimg.jp/thumbnails/46532498/46532498.23786954
so46532514,2026-07-12T07:30:00+09:00,2632720,160,テレビアニメ「クマーバ」シーズン3　第14話　かいてん！クマーバキッチン,66,0,0,0,updated_at_was_moved,https://nicovideo.cdn.nimg.jp/thumbnails/46532514/46532514.6170863
so46532515,2026-07-13T12:00:00+09:00,2632720,240,闇芝居 十七期　第1話　蟲戦,641,63,7,12,updated_at_was_moved,https://nicovideo.cdn.nimg.jp/thumbnails/46532515/46532515.64631015
so46532516,2026-07-13T12:00:00+09:00,2632720,168,新あはれ！名作くん　第2話　サギにあったつる公,131,1,0,3,updated_at_was_moved,https://nicovideo.cdn.nimg.jp/thumbnails/46532516/46532516.17229756
so46532517,2026-07-12T07:30:00+09:00,2632720,300,プラノサウルス ガチコセイブツ部　第1話　ガチ・ティラノサウルス学,842,65,6,19,updated_at_was_moved,https://nicovideo.cdn.nimg.jp/thumbnails/46532517/46532517.88193115
so46532538,2026-07-11T09:30:00+09:00,2632720,90,アニメ「リラックマ」（Rilakkuma）　#15,160,4,0,1,updated_at_was_moved,https://nicovideo.cdn.nimg.jp/thumbnails/46532538/46532538.29650324
so46532539,2026-07-11T00:00:00+09:00,2632720,1430,うちの弟どもがすみません　第2話　嘘つきは家族のはじまり,1977,297,4,30,updated_at_was_moved,https://nicovideo.cdn.nimg.jp/thumbnails/46532539/46532539.88914644
so46532540,2026-07-12T02:30:00+09:00,2632720,1440,花織さんは転生しても喧嘩がしたい　第1話　恋人たちの予感,6106,863,114,133,updated_at_was_moved,https://nicovideo.cdn.nimg.jp/thumbnails/46532540/46532540.61227551
so46532541,2026-07-12T22:00:00+09:00,2632720,1420,世界最強の後衛 ～迷宮国の新人探索者～　第二話　最初の難関,6284,787,13,104,updated_at_was_moved,https://nicovideo.cdn.nimg.jp/thumbnails/46532541/46532541.91850645
so46532542,2026-07-13T22:30:00+09:00,2632720,1420,ここは俺に任せて先に行けと言ってから10年がたったら伝説になっていた。　第2話　巣穴の奥にとんでもない敵がいた,10411,943,15,167,updated_at_was_moved,https://nicovideo.cdn.nimg.jp/thumbnails/46532542/46532542.49397836
so46532543,2026-07-12T00:00:00+09:00,2632720,1423,天幕のジャードゥーガル　第3幕　消しえぬ炎,3609,462,5,85,updated_at_was_moved,https://nicovideo.cdn.nimg.jp/thumbnails/46532543/46532543.9815123
so46532544,2026-07-12T01:00:00+09:00,2632720,1420,魔法少女リリカルなのは EXCEEDS Gun Blaze Vengeance　＃02　国連調査機関EXCEEDS／魔人狩り,12035,1376,31,200,updated_at_was_moved,https://nicovideo.cdn.nimg.jp/thumbnails/46532544/46532544.76520432
so46532570,2026-07-11T12:00:00+09:00,2632720,106,ぬいストーリー2　第91話　ショートみせて！,130,1,1,1,updated_at_was_moved,https://nicovideo.cdn.nimg.jp/thumbnails/46532570/46532570.24259756
so46532571,2026-07-12T08:01:00+09:00,2632720,112,コウペンちゃん　第67話　「夢のあの子」,165,1,1,3,updated_at_was_moved,https://nicovideo.cdn.nimg.jp/thumbnails/46532571/46532571.92557515
so46532572,2026-07-11T01:30:00+09:00,2632720,1425,ヘルモード ～やり込み好きのゲーマーは廃設定の異世界で無双する～　第14話　新たな出会い,8224,819,18,180,updated_at_was_moved,https://nicovideo.cdn.nimg.jp/thumbnails/46532572/46532572.99086945
so46532573,2026-07-13T20:00:00+09:00,2632720,240,Animatica「北斗の拳 拳王軍ザコたちの挽歌」　第13話　汚物は消どぐばっ！,2300,143,13,73,updated_at_was_moved,https://nicovideo.cdn.nimg.jp/thumbnails/46532573/46532573.19976080
so46532574,2026-07-13T18:00:00+09:00,2632720,1500,魔入りました！入間くん　第４シリーズ　第15話　主（あるじ）に似るは魔界の摂理／親しき仲にも,636,0,6,8,updated_at_was_moved,https://nicovideo.cdn.nimg.jp/thumbnails/46532574/46532574.92853107
so46532575,2026-07-13T00:00:00+09:00,2632720,1420,黒猫と魔女の教室　第14話　レグルス家のメイド,2181,320,4,37,updated_at_was_moved,https://nicovideo.cdn.nimg.jp/thumbnails/46532575/46532575.57703499
so46532576,2026-07-11T23:00:00+09:00,2632720,1451,転生したらスライムだった件 第4期　第86話　黒色軍団,26385,2272,87,407,updated_at_was_moved,https://nicovideo.cdn.nimg.jp/thumbnails/46532576/46532576.30049493
so46532577,2026-07-12T00:00:00+09:00,2632720,1420,黄泉のツガイ　第十四話　家族と友,6442,620,17,132,updated_at_was_moved,https://nicovideo.cdn.nimg.jp/thumbnails/46532577/46532577.13504037
so46532594,2026-07-11T08:30:00+09:00,2632720,1460,カードファイト!! ヴァンガード 15周年リマスター　第13話　決着！ショップ大会,169,0,2,3,updated_at_was_moved,https://nicovideo.cdn.nimg.jp/thumbnails/46532594/46532594.49579186
so46532617,2026-07-11T18:00:00+09:00,2632720,1429,本好きの下剋上 領主の養女　第十三章　冬の素材採集,7329,1101,23,185,updated_at_was_moved,https://nicovideo.cdn.nimg.jp/thumbnails/46532617/46532617.74830131
so46532618,2026-07-12T07:30:00+09:00,2632720,160,小3アシベ QQゴマちゃん　第14話　雨色遊戯,135,0,0,2,updated_at_was_moved,https://nicovideo.cdn.nimg.jp/thumbnails/46532618/46532618.50861185
so46532619,2026-07-11T21:30:00+09:00,2632720,1420,猫と竜　第3話　子猫達と羽のおじちゃん,8670,736,19,249,updated_at_was_moved,https://nicovideo.cdn.nimg.jp/thumbnails/46532619/46532619.66766337
so46532620,2026-07-13T00:00:00+09:00,2632720,1421,無職転生Ⅲ ～異世界行ったら本気だす～　第3話　帰ってきた日常,30143,3028,65,539,updated_at_was_moved,https://nicovideo.cdn.nimg.jp/thumbnails/46532620/46532620.1900041
so46532849,2026-07-13T21:30:00+09:00,2632720,1421,最強出涸らし皇子の暗躍帝位争い　第2話　帝都でデート？,5608,551,8,93,updated_at_was_moved,https://nicovideo.cdn.nimg.jp/thumbnails/46532849/46532849.90012811
so46533191,2026-07-17T00:00:00+09:00,2632720,601,おじゃる丸 まったり迷作セレクション　第39話　マイ・フェア・うすい,7,0,0,0,updated_at_was_moved,https://nicovideo.cdn.nimg.jp/thumbnails/46533191/46533191.97272514
so46533192,2026-07-17T00:00:00+09:00,2632720,601,おじゃる丸 まったり迷作セレクション　第26話　楽しくシャクを取り返す７つくらいの方法,8,0,1,0,updated_at_was_moved,https://nicovideo.cdn.nimg.jp/thumbnails/46533192/46533192.45282461
so46533193,2026-07-17T00:00:00+09:00,2632720,601,おじゃる丸 まったり迷作セレクション　第27話　ゴー・トゥ・ザ　ちょっとだけ昔の月光町,7,0,0,0,updated_at_was_moved,https://nicovideo.cdn.nimg.jp/thumbnails/46533193/46533193.28595444
so46533195,2026-07-17T00:00:00+09:00,2632720,601,おじゃる丸 まったり迷作セレクション　第28話　28日の金曜日,7,0,0,0,updated_at_was_moved,https://nicovideo.cdn.nimg.jp/thumbnails/46533195/46533195.10940168
so46533196,2026-07-17T00:00:00+09:00,2632720,601,おじゃる丸 まったり迷作セレクション　第29話　花を咲かせろ三人太郎,6,0,0,0,updated_at_was_moved,https://nicovideo.cdn.nimg.jp/thumbnails/46533196/46533196.25425483
so46533197,2026-07-17T00:00:00+09:00,2632720,601,おじゃる丸 まったり迷作セレクション　第30話　時をもどそう大作戦,7,0,0,0,updated_at_was_moved,https://nicovideo.cdn.nimg.jp/thumbnails/46533197/46533197.40976127
so46533198,2026-07-17T00:00:00+09:00,2632720,601,おじゃる丸 まったり迷作セレクション　第31話　しりピカたんてい電ボ,7,0,0,0,updated_at_was_moved,https://nicovideo.cdn.nimg.jp/thumbnails/46533198/46533198.62901281
so46533199,2026-07-17T00:00:00+09:00,2632720,601,おじゃる丸 まったり迷作セレクション　第32話　烏帽子ラブストーリー,7,0,0,0,updated_at_was_moved,https://nicovideo.cdn.nimg.jp/thumbnails/46533199/46533199.64421918
so46533200,2026-07-17T00:00:00+09:00,2632720,601,おじゃる丸 まったり迷作セレクション　第33話　アオベエ子鬼トリオやめるって,7,0,0,0,updated_at_was_moved,https://nicovideo.cdn.nimg.jp/thumbnails/46533200/46533200.71682703
so46533201,2026-07-17T00:00:00+09:00,2632720,601,おじゃる丸 まったり迷作セレクション　第34話　だっちゃのカレシはおじゃる丸,9,0,0,0,updated_at_was_moved,https://nicovideo.cdn.nimg.jp/thumbnails/46533201/46533201.60609174
so46533202,2026-07-17T00:00:00+09:00,2632720,601,おじゃる丸 まったり迷作セレクション　第35話　テレるは恥だが役に立つ,7,0,0,0,updated_at_was_moved,https://nicovideo.cdn.nimg.jp/thumbnails/46533202/46533202.32190730
so46533203,2026-07-17T00:00:00+09:00,2632720,601,おじゃる丸 まったり迷作セレクション　第36話　転生したら　シャクじゃった件,8,0,0,0,updated_at_was_moved,https://nicovideo.cdn.nimg.jp/thumbnails/46533203/46533203.40133092
so46533204,2026-07-17T00:00:00+09:00,2632720,601,おじゃる丸 まったり迷作セレクション　第37話　ヘイアンチョウでおじゃマップ,8,0,0,0,updated_at_was_moved,https://nicovideo.cdn.nimg.jp/thumbnails/46533204/46533204.2427471
so46533205,2026-07-17T00:00:00+09:00,2632720,601,おじゃる丸 まったり迷作セレクション　第38話　崖の上のお花さま,7,0,0,0,updated_at_was_moved,https://nicovideo.cdn.nimg.jp/thumbnails/46533205/46533205.35440290
so46533206,2026-07-17T00:00:00+09:00,2632720,601,おじゃる丸 まったり迷作セレクション　第25話　冷徹斎 対 メカ冷徹斎,8,0,0,0,updated_at_was_moved,https://nicovideo.cdn.nimg.jp/thumbnails/46533206/46533206.36333363
so46533257,2026-07-17T00:00:00+09:00,2632720,601,おじゃる丸 まったり迷作セレクション　第43話　おじゃのこうじキミとマロ,8,0,0,0,updated_at_was_moved,https://nicovideo.cdn.nimg.jp/thumbnails/46533257/46533257.9300916
so46533258,2026-07-17T00:00:00+09:00,2632720,601,おじゃる丸 まったり迷作セレクション　第19話　ミソとの遭遇,6,0,0,0,updated_at_was_moved,https://nicovideo.cdn.nimg.jp/thumbnails/46533258/46533258.53180178
so46533259,2026-07-17T00:00:00+09:00,2632720,601,おじゃる丸 まったり迷作セレクション　第20話　公の名は,8,0,0,0,updated_at_was_moved,https://nicovideo.cdn.nimg.jp/thumbnails/46533259/46533259.22624071
so46533260,2026-07-17T00:00:00+09:00,2632720,601,おじゃる丸 まったり迷作セレクション　第21話　石清水はどう生きるか,8,0,0,0,updated_at_was_moved,https://nicovideo.cdn.nimg.jp/thumbnails/46533260/46533260.57039857
so46533280,2026-07-17T00:00:00+09:00,2632720,601,おじゃる丸 まったり迷作セレクション　第44話　金ちゃん 青い鳥と遊ぶ,9,0,0,0,updated_at_was_moved,https://nicovideo.cdn.nimg.jp/thumbnails/46533280/46533280.3390543
so46533281,2026-07-17T00:00:00+09:00,2632720,601,おじゃる丸 まったり迷作セレクション　第17話　アカネがとんだ日,12,0,0,0,updated_at_was_moved,https://nicovideo.cdn.nimg.jp/thumbnails/46533281/46533281.86317605
so46533282,2026-07-17T00:00:00+09:00,2632720,601,おじゃる丸 まったり迷作セレクション　第18話　こちカメ こちトメ,11,0,0,0,updated_at_was_moved,https://nicovideo.cdn.nimg.jp/thumbnails/46533282/46533282.90575362
so46533283,2026-07-17T00:00:00+09:00,2632720,601,おじゃる丸 まったり迷作セレクション　第22話　オレの妹がこんなにフラフラなわけがない,12,0,0,0,updated_at_was_moved,https://nicovideo.cdn.nimg.jp/thumbnails/46533283/46533283.81614611
so46533284,2026-07-17T00:00:00+09:00,2632720,601,おじゃる丸 まったり迷作セレクション　第23話　月夜が池の水　抜いてたも,7,0,0,0,updated_at_was_moved,https://nicovideo.cdn.nimg.jp/thumbnails/46533284/46533284.87954180
so46533285,2026-07-17T00:00:00+09:00,2632720,601,おじゃる丸 まったり迷作セレクション　第24話　恋のおじゃさわぎ,6,0,0,0,updated_at_was_moved,https://nicovideo.cdn.nimg.jp/thumbnails/46533285/46533285.61209304
so46533286,2026-07-17T00:00:00+09:00,2632720,601,おじゃる丸 まったり迷作セレクション　第40話　シッパイファミリー,7,0,0,0,updated_at_was_moved,https://nicovideo.cdn.nimg.jp/thumbnails/46533286/46533286.86016429
so46533287,2026-07-17T00:00:00+09:00,2632720,601,おじゃる丸 まったり迷作セレクション　第41話　だっちゃ雨をふらす,9,0,0,0,updated_at_was_moved,https://nicovideo.cdn.nimg.jp/thumbnails/46533287/46533287.26608494
so46533288,2026-07-17T00:00:00+09:00,2632720,601,おじゃる丸 まったり迷作セレクション　第42話　だっちゃと諸星,7,0,0,0,updated_at_was_moved,https://nicovideo.cdn.nimg.jp/thumbnails/46533288/46533288.10394784
so46533289,2026-07-17T00:00:00+09:00,2632720,601,おじゃる丸 まったり迷作セレクション　第16話　コドクのススメ,9,0,0,0,updated_at_was_moved,https://nicovideo.cdn.nimg.jp/thumbnails/46533289/46533289.11061027
so46533290,2026-07-17T00:00:00+09:00,2632720,601,おじゃる丸 まったり迷作セレクション　第45話　オコの子,11,0,1,0,updated_at_was_moved,https://nicovideo.cdn.nimg.jp/thumbnails/46533290/46533290.73985274
so46533312,2026-07-17T00:00:00+09:00,2632720,601,おじゃる丸 まったり迷作セレクション　第10話　カメつの八重歯,12,0,0,0,updated_at_was_moved,https://nicovideo.cdn.nimg.jp/thumbnails/46533312/46533312.53669431
so46533313,2026-07-18T00:00:00+09:00,2632720,6317,劇場版プロジェクトセカイ　壊れたセカイと歌えないミク　本編,2565,149,107,89,updated_at_was_moved,https://nicovideo.cdn.nimg.jp/thumbnails/46533313/46533313.72180653
so46533349,2026-07-17T00:00:00+09:00,2632720,601,おじゃる丸 まったり迷作セレクション　第9話　北斗のケン,9,0,0,0,updated_at_was_moved,https://nicovideo.cdn.nimg.jp/thumbnails/46533349/46533349.12224786
so46533350,2026-07-17T00:00:00+09:00,2632720,601,おじゃる丸 まったり迷作セレクション　第50話　おじゃドロシーと3匹のヘンテコ,7,0,0,0,updated_at_was_moved,https://nicovideo.cdn.nimg.jp/thumbnails/46533350/46533350.24893454
so46533351,2026-07-17T00:00:00+09:00,2632720,601,おじゃる丸 まったり迷作セレクション　第49話　うすい峠を越える,10,0,0,0,updated_at_was_moved,https://nicovideo.cdn.nimg.jp/thumbnails/46533351/46533351.1468075
so46533385,2026-07-17T00:00:00+09:00,2632720,601,おじゃる丸 まったり迷作セレクション　第8話　ノートデス,14,0,0,0,updated_at_was_moved,https://nicovideo.cdn.nimg.jp/thumbnails/46533385/46533385.40280905
so46533386,2026-07-17T00:00:00+09:00,2632720,601,おじゃる丸 まったり迷作セレクション　第48話　地べた師,11,0,0,0,updated_at_was_moved,https://nicovideo.cdn.nimg.jp/thumbnails/46533386/46533386.16510540
so46533387,2026-07-17T00:00:00+09:00,2632720,601,おじゃる丸 まったり迷作セレクション　第47話　マロにつばさ,7,0,0,0,updated_at_was_moved,https://nicovideo.cdn.nimg.jp/thumbnails/46533387/46533387.31796597
so46533388,2026-07-17T00:00:00+09:00,2632720,601,おじゃる丸 まったり迷作セレクション　第46話　きのう何干した？おかわり,11,0,0,0,updated_at_was_moved,https://nicovideo.cdn.nimg.jp/thumbnails/46533388/46533388.92949522
so46533389,2026-07-17T00:00:00+09:00,2632720,601,おじゃる丸 まったり迷作セレクション　第15話　カメザップ トメザップ,11,0,1,0,updated_at_was_moved,https://nicovideo.cdn.nimg.jp/thumbnails/46533389/46533389.59648404
so46533390,2026-07-17T00:00:00+09:00,2632720,601,おじゃる丸 まったり迷作セレクション　第14話　どっきーん　じじらずラブ,10,0,0,0,updated_at_was_moved,https://nicovideo.cdn.nimg.jp/thumbnails/46533390/46533390.44583419
so46533391,2026-07-17T00:00:00+09:00,2632720,601,おじゃる丸 まったり迷作セレクション　第13話　ガンス,14,0,0,0,updated_at_was_moved,https://nicovideo.cdn.nimg.jp/thumbnails/46533391/46533391.65391949
so46533392,2026-07-17T00:00:00+09:00,2632720,601,おじゃる丸 まったり迷作セレクション　第12話　オジャルシックパーク,13,0,0,0,updated_at_was_moved,https://nicovideo.cdn.nimg.jp/thumbnails/46533392/46533392.74547237
so46533393,2026-07-17T00:00:00+09:00,2632720,601,おじゃる丸 まったり迷作セレクション　第11話　きのう何干した？,15,0,0,0,updated_at_was_moved,https://nicovideo.cdn.nimg.jp/thumbnails/46533393/46533393.4917063
so46533394,2026-07-17T00:00:00+09:00,2632720,601,おじゃる丸 まったり迷作セレクション　第7話　進撃のマロ,17,0,1,0,updated_at_was_moved,https://nicovideo.cdn.nimg.jp/thumbnails/46533394/46533394.18210158
so46533440,2026-07-17T00:00:00+09:00,2632720,14067,LUNATIC FES 2025 ～NOBLE FLOWERS～　本編,175,0,1,3,updated_at_was_moved,https://nicovideo.cdn.nimg.jp/thumbnails/46533440/46533440.59921358
so46533441,2026-07-17T00:00:00+09:00,2632720,601,おじゃる丸 まったり迷作セレクション　第1話　帰ってこられないおじゃる丸,489,0,6,8,updated_at_was_moved,https://nicovideo.cdn.nimg.jp/thumbnails/46533441/46533441.8816280
so46533442,2026-07-17T00:00:00+09:00,2632720,601,おじゃる丸 まったり迷作セレクション　第2話　おじゃメンズ　チキュウにくる,41,0,0,0,updated_at_was_moved,https://nicovideo.cdn.nimg.jp/thumbnails/46533442/46533442.42428157
so46533443,2026-07-17T00:00:00+09:00,2632720,601,おじゃる丸 まったり迷作セレクション　第3話　復活のおじゃメンズ,22,0,0,0,updated_at_was_moved,https://nicovideo.cdn.nimg.jp/thumbnails/46533443/46533443.82919361
so46533444,2026-07-17T00:00:00+09:00,2632720,601,おじゃる丸 まったり迷作セレクション　第4話　さよならおじゃメンズ,23,0,0,0,updated_at_was_moved,https://nicovideo.cdn.nimg.jp/thumbnails/46533444/46533444.8956285
so46533445,2026-07-17T00:00:00+09:00,2632720,601,おじゃる丸 まったり迷作セレクション　第5話　ウチュウの王GO163 月光町を征服する,23,0,0,0,updated_at_was_moved,https://nicovideo.cdn.nimg.jp/thumbnails/46533445/46533445.23679954
so46533446,2026-07-17T00:00:00+09:00,2632720,601,おじゃる丸 まったり迷作セレクション　第6話　百人☆一首☆王,67,0,0,0,updated_at_was_moved,https://nicovideo.cdn.nimg.jp/thumbnails/46533446/46533446.44567756
so46543991,2026-07-14T08:00:00+09:00,2632720,93,ちいかわ シーズン2　第358話　「あくむ⑩」,1095,44,4,34,updated_at_was_moved,https://nicovideo.cdn.nimg.jp/thumbnails/46543991/46543991.60045725
so46543992,2026-07-14T17:00:00+09:00,2632720,1460,おねがいアイプリ　第15話　情熱のアイプリ,407,3,4,2,updated_at_was_moved,https://nicovideo.cdn.nimg.jp/thumbnails/46543992/46543992.14555803
so46543993,2026-07-14T00:30:00+09:00,2632720,1430,LIAR GAME　第15話　秘策,2131,150,3,29,updated_at_was_moved,https://nicovideo.cdn.nimg.jp/thumbnails/46543993/46543993.46532756
so46543994,2026-07-14T00:00:00+09:00,2632720,1430,骸骨騎士様、只今異世界へお出掛け中Ⅱ　第2話　エルフの花嫁に迫りし、暗殺の毒牙,10729,996,24,230,updated_at_was_moved,https://nicovideo.cdn.nimg.jp/thumbnails/46543994/46543994.45268218
so46543995,2026-07-14T02:30:00+09:00,2632720,1421,捨てられ聖女の異世界ごはん旅 隠れスキルでキャンピングカーを召喚しました　第2話　仲間も具材も、ひとつにしちゃえ炊き込みご飯！,7818,853,23,170,updated_at_was_moved,https://nicovideo.cdn.nimg.jp/thumbnails/46543995/46543995.75908293
so46543996,2026-07-14T00:00:00+09:00,2632720,1421,転校先の清楚可憐な美少女が、昔男子と思って一緒に遊んだ幼馴染だった件　第2話　「恋バナは、苦手だ」,4618,807,10,65,updated_at_was_moved,https://nicovideo.cdn.nimg.jp/thumbnails/46543996/46543996.77693582
so46543997,2026-07-14T22:00:00+09:00,2632720,329,身代わり令嬢を救ったのは冷酷無慈悲な氷の王子の愛でした　第2話　「傲慢な令嬢」の正体,1301,32,1,15,updated_at_was_moved,https://nicovideo.cdn.nimg.jp/thumbnails/46543997/46543997.87420143
so46543998,2026-07-14T21:30:00+09:00,2632720,1430,対ありでした。～お嬢さまは格闘ゲームなんてしない～　第2話　対ありでした,7794,1294,13,166,updated_at_was_moved,https://nicovideo.cdn.nimg.jp/thumbnails/46543998/46543998.38677787
so46543999,2026-07-14T22:30:00+09:00,2632720,1480,無自覚聖女は今日も無意識に力を垂れ流す　第3話　建国記念パーティー,4964,501,8,76,updated_at_was_moved,https://nicovideo.cdn.nimg.jp/thumbnails/46543999/46543999.19631682
so46544000,2026-07-14T02:30:00+09:00,2632720,1425,ブチ切れ令嬢は報復を誓いました。 ～魔導書の力で祖国を叩き潰します～　第2話　亡命と起業,9413,989,19,165,updated_at_was_moved,https://nicovideo.cdn.nimg.jp/thumbnails/46544000/46544000.62260250
so46544001,2026-07-14T02:25:00+09:00,2632720,1370,株式会社マジルミエ 第2期　第2話　この怪異に退治方法はございませんの,2974,336,11,83,updated_at_was_moved,https://nicovideo.cdn.nimg.jp/thumbnails/46544001/46544001.33717731
so46544002,2026-07-14T00:15:00+09:00,2632720,1380,これ描いて死ね　第2話　あなたは輝いている〜漫画を描くのは大変である,3852,930,13,74,updated_at_was_moved,https://nicovideo.cdn.nimg.jp/thumbnails/46544002/46544002.42681322
so46544003,2026-07-14T01:20:00+09:00,2632720,1419,盗掘王　第1話　終わりから再び,3024,238,31,20,updated_at_was_moved,https://nicovideo.cdn.nimg.jp/thumbnails/46544003/46544003.73561688
so46544179,2026-07-21T12:00:00+09:00,2632720,7998,舞台『吸血鬼すぐ死ぬ』　本編,505,91,9,32,updated_at_was_moved,https://nicovideo.cdn.nimg.jp/thumbnails/46544179/46544179.95622376
so46547451,2026-07-15T23:30:00+09:00,2632720,1420,いびってこない義母と義姉　第1話　いびってこない義母と義姉,11480,1576,288,319,updated_at_was_moved,https://nicovideo.cdn.nimg.jp/thumbnails/46547451/46547451.32667186
so46547453,2026-07-15T18:00:00+09:00,2632720,120,地球大好き！きっくん　第3話　天才キッズつんつんだつん,62,0,0,0,updated_at_was_moved,https://nicovideo.cdn.nimg.jp/thumbnails/46547453/46547453.73697344
so46547454,2026-07-15T02:30:00+09:00,2632720,1370,天は赤い河のほとり　第2話　黒い水,1279,197,2,26,updated_at_was_moved,https://nicovideo.cdn.nimg.jp/thumbnails/46547454/46547454.70372501
so46547455,2026-07-15T23:30:00+09:00,2632720,1443,『攻殻機動隊 THE GHOST IN THE SHELL』　第2話　SUPER SPARTAN ii + JUNK JUNGLE i,8654,914,20,253,updated_at_was_moved,https://nicovideo.cdn.nimg.jp/thumbnails/46547455/46547455.28412448
so46547456,2026-07-15T00:00:00+09:00,2632720,1420,きみが死ぬまで恋をしたい　第2話　ちゃんと痛いよ,5862,799,23,102,updated_at_was_moved,https://nicovideo.cdn.nimg.jp/thumbnails/46547456/46547456.28196136
so46547457,2026-07-15T22:00:00+09:00,2632720,1420,クレバテスⅡ-魔獣の王と偽りの勇者伝承-　第2幕　もう一つの世界,5041,754,11,118,updated_at_was_moved,https://nicovideo.cdn.nimg.jp/thumbnails/46547457/46547457.4693783
so46547458,2026-07-15T23:00:00+09:00,2632720,1420,幼女戦記Ⅱ　第2話　奇妙な友情,24100,1890,51,562,updated_at_was_moved,https://nicovideo.cdn.nimg.jp/thumbnails/46547458/46547458.93396333
so46547459,2026-07-15T00:30:00+09:00,2632720,1420,手札が多めのビクトリア　第2話　可哀想じゃないのよ,4613,778,8,109,updated_at_was_moved,https://nicovideo.cdn.nimg.jp/thumbnails/46547459/46547459.48119803
so46547460,2026-07-15T22:00:00+09:00,2632720,328,パーフェクトアディクション　play.2,348,5,1,6,updated_at_was_moved,https://nicovideo.cdn.nimg.jp/thumbnails/46547460/46547460.4753536
so46547461,2026-07-15T08:00:00+09:00,2632720,99,パペットスンスン　第51話　ポテトサラダ／七夕,432,20,0,13,updated_at_was_moved,https://nicovideo.cdn.nimg.jp/thumbnails/46547461/46547461.96855115
so46547462,2026-07-16T00:30:00+09:00,2632720,1431,スーパーの裏でヤニ吸うふたり　1本目　スーパーの裏でヤニ吸うふたり,16113,1688,282,367,updated_at_was_moved,https://nicovideo.cdn.nimg.jp/thumbnails/46547462/46547462.81094336
so46547463,2026-07-15T22:30:00+09:00,2632720,1420,ヒロイン？聖女？いいえ、オールワークスメイドです（誇）！　第４話　月下の真実,8029,793,13,165,updated_at_was_moved,https://nicovideo.cdn.nimg.jp/thumbnails/46547463/46547463.65896584
so46547464,2026-07-15T18:00:00+09:00,2632720,1116,不死身な僕の日常　シーズン4　3　剣術達人の共鳴,301,1,2,2,updated_at_was_moved,https://nicovideo.cdn.nimg.jp/thumbnails/46547464/46547464.40457195
so46547465,2026-07-15T08:00:00+09:00,2632720,53,mofusand animation　第28話　一緒に入りたい,239,5,2,12,updated_at_was_moved,https://nicovideo.cdn.nimg.jp/thumbnails/46547465/46547465.82948555
so46547466,2026-07-15T17:30:00+09:00,2632720,1447,正反対な君と僕　第14話　冬の夜のジレンマ,2120,219,8,46,updated_at_was_moved,https://nicovideo.cdn.nimg.jp/thumbnails/46547466/46547466.36142445
so46547520,2026-07-15T00:00:00+09:00,2632720,1450,名探偵プリキュア！　第24話　れいと解決！怪事件！,2469,0,9,34,updated_at_was_moved,https://nicovideo.cdn.nimg.jp/thumbnails/46547520/46547520.2217744
so46547521,2026-07-15T00:00:00+09:00,2632720,1439,鎧真伝サムライトルーパー　第14話　キセキ,971,177,4,29,updated_at_was_moved,https://nicovideo.cdn.nimg.jp/thumbnails/46547521/46547521.97729310
so46550726,2026-07-16T22:00:00+09:00,2632720,90,元祖！バンドリちゃん　第41話　Roselia強化夏合宿,763,11,2,11,updated_at_was_moved,https://nicovideo.cdn.nimg.jp/thumbnails/46550726/46550726.6196558
so46550727,2026-07-16T01:00:00+09:00,2632720,1440,花ざかりの君たちへ 第2期　ep.3　なんでわかったの！？,455,56,3,6,updated_at_was_moved,https://nicovideo.cdn.nimg.jp/thumbnails/46550727/46550727.30333742
so46550728,2026-07-16T03:00:00+09:00,2632720,186,キャンディーカリエス　第14話　ママのかわりに,125,10,0,4,updated_at_was_moved,https://nicovideo.cdn.nimg.jp/thumbnails/46550728/46550728.83821573
so46550729,2026-07-16T00:30:00+09:00,2632720,1421,神の雫　第14話　失踪した女神たち,391,14,1,6,updated_at_was_moved,https://nicovideo.cdn.nimg.jp/thumbnails/46550729/46550729.34758032
so46550730,2026-07-16T00:00:00+09:00,2632720,826,おねがい！ポコタ村長　第16話　幸せな村コンテスト,81,0,0,0,updated_at_was_moved,https://nicovideo.cdn.nimg.jp/thumbnails/46550730/46550730.80786474
so46550731,2026-07-16T01:00:00+09:00,2632720,210,同じゼミの染谷さんがセクシー女優だった話。【オンエア版】　第2話　「ここ住まわせてよ」,969,34,2,12,updated_at_was_moved,https://nicovideo.cdn.nimg.jp/thumbnails/46550731/46550731.78271067
so46550732,2026-07-16T22:00:00+09:00,2632720,1420,令和のダラさん　第三怪　「禁足地の掟」,14797,2176,40,434,updated_at_was_moved,https://nicovideo.cdn.nimg.jp/thumbnails/46550732/46550732.82548474
so46550733,2026-07-16T00:30:00+09:00,2632720,1420,乙女ゲー世界はモブに厳しい世界です2　第2話　滅びの美学がお好みですか？,8153,786,11,145,updated_at_was_moved,https://nicovideo.cdn.nimg.jp/thumbnails/46550733/46550733.93671796
so46550734,2026-07-16T21:40:00+09:00,2632720,700,文豪ストレイドッグス わん！２　#03　第３わん！,274,17,4,5,updated_at_was_moved,https://nicovideo.cdn.nimg.jp/thumbnails/46550734/46550734.66865516
so46550837,2026-07-23T00:00:00+09:00,2632720,4211,映画 きかんしゃトーマス チャオ！とんでうたってディスカバリー!!　本編,172,0,1,1,updated_at_was_moved,https://nicovideo.cdn.nimg.jp/thumbnails/46550837/46550837.88875532
so46551250,2026-07-16T23:00:00+09:00,2632720,1420,バンドリ！ ゆめ∞みた　#05　たすけて,1363,379,6,15,updated_at_was_moved,https://nicovideo.cdn.nimg.jp/thumbnails/46551250/46551250.77627259
so46554024,2026-07-17T12:00:00+09:00,2632720,1405,ニンジャラ　第224話　ウォーレンをさがせ！,69,0,0,0,updated_at_was_moved,https://nicovideo.cdn.nimg.jp/thumbnails/46554024/46554024.30106262
so46554025,2026-07-17T19:30:00+09:00,2632720,1475,ポケットモンスター（2023）　第143話　ドリームボールをキミに！,890,163,9,21,updated_at_was_moved,https://nicovideo.cdn.nimg.jp/thumbnails/46554025/46554025.10851725
so46554026,2026-07-17T19:00:00+09:00,2632720,1465,BEYBLADE X　第130話　フォースステージだゆ～,181,8,0,7,updated_at_was_moved,https://nicovideo.cdn.nimg.jp/thumbnails/46554026/46554026.45595044
so46554027,2026-07-17T08:00:00+09:00,2632720,98,ちいかわ シーズン2　第359話　「あくむ⑪」,986,12,3,25,updated_at_was_moved,https://nicovideo.cdn.nimg.jp/thumbnails/46554027/46554027.82645546
so46554028,2026-07-17T00:00:00+09:00,2632720,1420,落第賢者の学院無双～二度目の転生、Sランクチート魔術師冒険録～　第４話　旅立ち -Seek Freedom-,7753,1140,12,93,updated_at_was_moved,https://nicovideo.cdn.nimg.jp/thumbnails/46554028/46554028.55069857
so46554029,2026-07-17T01:00:00+09:00,2632720,1420,ヤニねこ　第3話　ニャーはボケよりツッコミ寄りにゃ,15055,2040,32,213,updated_at_was_moved,https://nicovideo.cdn.nimg.jp/thumbnails/46554029/46554029.59412944
so46554030,2026-07-17T22:00:00+09:00,2632720,1420,ワールド イズ ダンシング　第三番　君には君のよさがある,1413,139,5,34,updated_at_was_moved,https://nicovideo.cdn.nimg.jp/thumbnails/46554030/46554030.37261427
so46554031,2026-07-17T03:08:00+09:00,2632720,1420,才女のお世話 高嶺の花だらけな名門校で、学院一のお嬢様(生活能力皆無)を陰ながらお世話することになりました　第02話　「お世話係 第一日」,4808,567,13,68,updated_at_was_moved,https://nicovideo.cdn.nimg.jp/thumbnails/46554031/46554031.76327351
so46554032,2026-07-17T04:00:00+09:00,2632720,1454,乙女怪獣キャラメリゼ　#03　キラメク週末～夢の国へ～,5353,1057,16,129,updated_at_was_moved,https://nicovideo.cdn.nimg.jp/thumbnails/46554032/46554032.54409157
so46554033,2026-07-17T00:00:00+09:00,2632720,1430,メビウス・ダスト　第2話　アドレナリン・ゲーム,738,62,2,10,updated_at_was_moved,https://nicovideo.cdn.nimg.jp/thumbnails/46554033/46554033.24847350
so46554255,2026-07-27T00:00:00+09:00,2632720,780,デザート キャッチ！ティニピン　第1話　お菓子の国のティニピンたち,31,0,0,0,updated_at_was_moved,https://nicovideo.cdn.nimg.jp/thumbnails/46554255/46554255.87981957
so46554256,2026-07-27T00:00:00+09:00,2632720,780,デザート キャッチ！ティニピン　第2話　変身！プリンセスベリーハート,1,0,0,0,updated_at_was_moved,https://nicovideo.cdn.nimg.jp/thumbnails/46554256/46554256.99753971
so46554257,2026-07-27T00:00:00+09:00,2632720,780,デザート キャッチ！ティニピン　第3話　素敵にデコレーション,0,0,0,0,updated_at_was_moved,https://nicovideo.cdn.nimg.jp/thumbnails/46554257/46554257.45821454
so46554258,2026-07-27T00:00:00+09:00,2632720,780,デザート キャッチ！ティニピン　第4話　サンドピンとサンドクッキーの秘密,1,0,0,0,updated_at_was_moved,https://nicovideo.cdn.nimg.jp/thumbnails/46554258/46554258.60498253
so46554259,2026-07-27T00:00:00+09:00,2632720,780,デザート キャッチ！ティニピン　第5話　プクピンをつかまえろ,0,0,0,0,updated_at_was_moved,https://nicovideo.cdn.nimg.jp/thumbnails/46554259/46554259.31044977
so46554260,2026-07-27T00:00:00+09:00,2632720,780,デザート キャッチ！ティニピン　第6話　ロイヤルティニピンになりたい,0,0,0,0,updated_at_was_moved,https://nicovideo.cdn.nimg.jp/thumbnails/46554260/46554260.86344263
so46554261,2026-07-27T00:00:00+09:00,2632720,780,デザート キャッチ！ティニピン　第7話　ぺたんこになれ ワッフルピン,0,0,0,0,updated_at_was_moved,https://nicovideo.cdn.nimg.jp/thumbnails/46554261/46554261.52265939
so46554262,2026-07-27T00:00:00+09:00,2632720,780,デザート キャッチ！ティニピン　第8話　くるくる回して ローリピン,0,0,0,0,updated_at_was_moved,https://nicovideo.cdn.nimg.jp/thumbnails/46554262/46554262.48473910
so46554263,2026-07-27T00:00:00+09:00,2632720,780,デザート キャッチ！ティニピン　第9話　ポワンピンと小さな仲間たち,0,0,0,0,updated_at_was_moved,https://nicovideo.cdn.nimg.jp/thumbnails/46554263/46554263.25649999
so46554264,2026-07-27T00:00:00+09:00,2632720,780,デザート キャッチ！ティニピン　第10話　カラフルにしちゃおう マカピン,1,0,0,0,updated_at_was_moved,https://nicovideo.cdn.nimg.jp/thumbnails/46554264/46554264.85732177
so46554265,2026-07-27T00:00:00+09:00,2632720,780,デザート キャッチ！ティニピン　第11話　ひとつひとつ積み上げて パンケーピン,0,0,0,0,updated_at_was_moved,https://nicovideo.cdn.nimg.jp/thumbnails/46554265/46554265.82837976
so46554266,2026-07-27T00:00:00+09:00,2632720,780,デザート キャッチ！ティニピン　第12話　プヨンピンの心はプヨンプヨン,1,0,0,0,updated_at_was_moved,https://nicovideo.cdn.nimg.jp/thumbnails/46554266/46554266.52535523
so46554267,2026-07-27T00:00:00+09:00,2632720,780,デザート キャッチ！ティニピン　第13話　ローミー デザートタウンに行く,2,0,0,0,updated_at_was_moved,https://nicovideo.cdn.nimg.jp/thumbnails/46554267/46554267.46063564
so46557510,2026-07-21T02:25:00+09:00,2632720,1370,株式会社マジルミエ 第2期　第3話　こういうイチャモンは久々だな,2206,231,18,64,updated_at_was_moved,https://nicovideo.cdn.nimg.jp/thumbnails/46557510/46557510.81329228
so46557511,2026-07-19T18:00:00+09:00,2632720,1415,鉄鍋のジャン！　第2話　「火薬のようなやつら」,6721,957,28,166,updated_at_was_moved,https://nicovideo.cdn.nimg.jp/thumbnails/46557511/46557511.15717449
so46557512,2026-07-19T00:30:00+09:00,2632720,1439,鬼の花嫁　第三話　決断,2288,498,9,44,updated_at_was_moved,https://nicovideo.cdn.nimg.jp/thumbnails/46557512/46557512.75224190
so46557513,2026-07-21T22:00:00+09:00,2632720,329,身代わり令嬢を救ったのは冷酷無慈悲な氷の王子の愛でした　第3話　氷の瞳に宿る温もり,791,22,2,13,updated_at_was_moved,https://nicovideo.cdn.nimg.jp/thumbnails/46557513/46557513.69825340
so46557514,2026-07-18T23:00:00+09:00,2632720,1420,岩元先輩ノ推薦　《第３話》　蟲愛ヅル君,460,20,4,7,updated_at_was_moved,https://nicovideo.cdn.nimg.jp/thumbnails/46557514/46557514.43325248
so46557515,2026-07-21T21:30:00+09:00,2632720,1430,対ありでした。～お嬢さまは格闘ゲームなんてしない～　第3話　真夜中の対戦会,6770,1633,20,139,updated_at_was_moved,https://nicovideo.cdn.nimg.jp/thumbnails/46557515/46557515.18670626
so46557516,2026-07-20T00:30:00+09:00,2632720,1440,さよならララ　第3話　目、そらしたら負け,1915,369,10,39,updated_at_was_moved,https://nicovideo.cdn.nimg.jp/thumbnails/46557516/46557516.65593062
so46557517,2026-07-19T17:00:00+09:00,2632720,1426,レッツゴー怪奇組　第3話　第三怪,4577,783,11,147,updated_at_was_moved,https://nicovideo.cdn.nimg.jp/thumbnails/46557517/46557517.71951820
so46557518,2026-07-21T22:30:00+09:00,2632720,1509,無自覚聖女は今日も無意識に力を垂れ流す　第4話　赤い瞳とルビー,3732,440,16,70,updated_at_was_moved,https://nicovideo.cdn.nimg.jp/thumbnails/46557518/46557518.34894175
so46557519,2026-07-19T00:30:00+09:00,2632720,1420,グロウアップショウ ～ひまわりのサーカス団～　第3話　「傷跡なんか、見せたくない」,4669,989,19,103,updated_at_was_moved,https://nicovideo.cdn.nimg.jp/thumbnails/46557519/46557519.96520151
so46557520,2026-07-20T01:15:00+09:00,2632720,510,アズールレーン びそくぜんしんっ！にっ！！　第3話　これが、オトナの世界・・・,1915,54,12,24,updated_at_was_moved,https://nicovideo.cdn.nimg.jp/thumbnails/46557520/46557520.54506925
so46557521,2026-07-21T02:30:00+09:00,2632720,1425,ブチ切れ令嬢は報復を誓いました。 ～魔導書の力で祖国を叩き潰します～　第3話　旅路での出会い,7471,1250,32,138,updated_at_was_moved,https://nicovideo.cdn.nimg.jp/thumbnails/46557521/46557521.78436519
so46557522,2026-07-18T01:30:00+09:00,2632720,720,うしろの正面カムイさん【オンエア版】　第3話　呪いの人形／隙間女,5070,538,22,124,updated_at_was_moved,https://nicovideo.cdn.nimg.jp/thumbnails/46557522/46557522.25167383
so46557523,2026-07-18T01:30:00+09:00,2632720,693,『うしろの正面カムイさん』ミニアニメ劇場　ミニアニメ劇場 その3,1581,178,7,52,updated_at_was_moved,https://nicovideo.cdn.nimg.jp/thumbnails/46557523/46557523.76561128
so46557524,2026-07-20T02:56:00+09:00,2632720,1421,追放された転生重騎士はゲーム知識で無双する　第3話　大規模依頼,4621,597,13,69,updated_at_was_moved,https://nicovideo.cdn.nimg.jp/thumbnails/46557524/46557524.6753484
so46557552,2026-07-19T00:00:00+09:00,2632720,1718,サイボーグ009 ネメシス　第1話　手を組め,2393,317,40,35,updated_at_was_moved,https://nicovideo.cdn.nimg.jp/thumbnails/46557552/46557552.16112621
so46557553,2026-07-19T00:00:00+09:00,2632720,1423,天幕のジャードゥーガル　第4幕　炉の主（オッチギン）,2792,415,7,65,updated_at_was_moved,https://nicovideo.cdn.nimg.jp/thumbnails/46557553/46557553.86822005
so46557554,2026-07-20T22:30:00+09:00,2632720,1419,ここは俺に任せて先に行けと言ってから10年がたったら伝説になっていた。　第3話　隠し子疑惑を向けられた上、初冒険に付き合うことになった,8370,732,28,157,updated_at_was_moved,https://nicovideo.cdn.nimg.jp/thumbnails/46557554/46557554.11710948
so46557570,2026-07-19T00:00:00+09:00,2632720,1670,サイボーグ009 ネメシス　第2話　9人対9人,865,149,2,16,updated_at_was_moved,https://nicovideo.cdn.nimg.jp/thumbnails/46557570/46557570.17955717
so46557571,2026-07-20T00:00:00+09:00,2632720,1421,無職転生Ⅲ ～異世界行ったら本気だす～　第4話　水王級魔術師,25205,2360,73,479,updated_at_was_moved,https://nicovideo.cdn.nimg.jp/thumbnails/46557571/46557571.63589093
so46557572,2026-07-19T01:00:00+09:00,2632720,1420,魔法少女リリカルなのは EXCEEDS Gun Blaze Vengeance　＃03　久瀬シイナと夜海トワ,7250,991,22,126,updated_at_was_moved,https://nicovideo.cdn.nimg.jp/thumbnails/46557572/46557572.16674147
so46557573,2026-07-19T22:00:00+09:00,2632720,1420,世界最強の後衛 ～迷宮国の新人探索者～　第三話　暴君の少女,5416,601,15,86,updated_at_was_moved,https://nicovideo.cdn.nimg.jp/thumbnails/46557573/46557573.5465437
so46557587,2026-07-19T00:00:00+09:00,2632720,2156,サイボーグ009 ネメシス　第3話　ネメシス,685,152,2,13,updated_at_was_moved,https://nicovideo.cdn.nimg.jp/thumbnails/46557587/46557587.12900242
so46557588,2026-07-21T02:30:00+09:00,2632720,1421,捨てられ聖女の異世界ごはん旅 隠れスキルでキャンピングカーを召喚しました　第3話　海で開戦！　海鮮バーベキュー！,6814,736,32,147,updated_at_was_moved,https://nicovideo.cdn.nimg.jp/thumbnails/46557588/46557588.6089224
so46557589,2026-07-20T21:30:00+09:00,2632720,1421,最強出涸らし皇子の暗躍帝位争い　第3話　エルナ襲来,4288,365,13,75,updated_at_was_moved,https://nicovideo.cdn.nimg.jp/thumbnails/46557589/46557589.38673530
so46557590,2026-07-21T00:00:00+09:00,2632720,1421,転校先の清楚可憐な美少女が、昔男子と思って一緒に遊んだ幼馴染だった件　第3話　「姫子の、プロデュース」,3299,400,16,52,updated_at_was_moved,https://nicovideo.cdn.nimg.jp/thumbnails/46557590/46557590.81408703
so46557591,2026-07-20T23:30:00+09:00,2632720,1420,炎の闘球女 ドッジ弾子　第3話　激突！波乱必至の試合開始！,2969,724,15,75,updated_at_was_moved,https://nicovideo.cdn.nimg.jp/thumbnails/46557591/46557591.10922365
so46557592,2026-07-19T02:00:00+09:00,2632720,1368,「きみを愛する気はない」と言った次期公爵様がなぜか溺愛してきます　第3話　カフスボタンとオルゴール,3075,341,8,67,updated_at_was_moved,https://nicovideo.cdn.nimg.jp/thumbnails/46557592/46557592.22415013
so46557593,2026-07-19T00:30:00+09:00,2632720,1440,『ぐらんぶる』Season 3　第2話　帰省,3506,316,14,40,updated_at_was_moved,https://nicovideo.cdn.nimg.jp/thumbnails/46557593/46557593.47078535
so46557616,2026-07-19T07:30:00+09:00,2632720,160,テレビアニメ「クマーバ」シーズン3　第15話　ネコルンせんせいのおやさいきょうしつ,64,1,0,0,updated_at_was_moved,https://nicovideo.cdn.nimg.jp/thumbnails/46557616/46557616.5729959
so46557618,2026-07-21T01:20:00+09:00,2632720,1419,盗掘王　第2話　遺物の主になろうとする者,864,38,2,9,updated_at_was_moved,https://nicovideo.cdn.nimg.jp/thumbnails/46557618/46557618.57396445
so46557619,2026-07-21T12:00:00+09:00,2632720,1420,「逃げ上手の若君」第二期　第十三回　もう一度、食べタイ！,4787,679,91,105,updated_at_was_moved,https://nicovideo.cdn.nimg.jp/thumbnails/46557619/46557619.25269954
so46557644,2026-07-18T09:30:00+09:00,2632720,90,アニメ「リラックマ」（Rilakkuma）　#16,157,6,0,2,updated_at_was_moved,https://nicovideo.cdn.nimg.jp/thumbnails/46557644/46557644.63446027
so46557645,2026-07-20T00:15:00+09:00,2632720,1430,ふつつかな悪女ではございますが ～雛宮蝶鼠とりかえ伝～　第2話　ここで、暮らすのですか？,6698,1129,27,139,updated_at_was_moved,https://nicovideo.cdn.nimg.jp/thumbnails/46557645/46557645.8232549
so46557670,2026-07-21T00:30:00+09:00,2632720,1430,LIAR GAME　第16話　攪乱,1550,89,7,29,updated_at_was_moved,https://nicovideo.cdn.nimg.jp/thumbnails/46557670/46557670.18431570
so46557671,2026-07-20T12:00:00+09:00,2632720,240,闇芝居 十七期　第2話　柳行李,250,33,3,8,updated_at_was_moved,https://nicovideo.cdn.nimg.jp/thumbnails/46557671/46557671.10800699
so46557672,2026-07-20T12:00:00+09:00,2632720,180,新あはれ！名作くん　第3話　名作はどうしてそんなに,121,5,0,4,updated_at_was_moved,https://nicovideo.cdn.nimg.jp/thumbnails/46557672/46557672.50052459
so46557673,2026-07-19T07:30:00+09:00,2632720,300,プラノサウルス ガチコセイブツ部　第2話　ガチ・スピノサウルスクイズ,203,18,0,8,updated_at_was_moved,https://nicovideo.cdn.nimg.jp/thumbnails/46557673/46557673.47998809
so46557674,2026-07-21T00:30:00+09:00,2632720,1380,これ描いて死ね　第3話　心の心〜これ描いて死ね!!!!,2510,478,16,55,updated_at_was_moved,https://nicovideo.cdn.nimg.jp/thumbnails/46557674/46557674.92294804
so46557675,2026-07-18T00:00:00+09:00,2632720,1429,うちの弟どもがすみません　第3話　成田家の新ルール,1271,218,2,23,updated_at_was_moved,https://nicovideo.cdn.nimg.jp/thumbnails/46557675/46557675.61458389
so46557676,2026-07-19T02:30:00+09:00,2632720,1440,花織さんは転生しても喧嘩がしたい　第2話　オズの魔法使い,4385,712,9,98,updated_at_was_moved,https://nicovideo.cdn.nimg.jp/thumbnails/46557676/46557676.82940086
so46557677,2026-07-18T22:00:00+09:00,2632720,1420,BLACK TORCH　#03　WHAT’S MY NAME?,1397,110,7,26,updated_at_was_moved,https://nicovideo.cdn.nimg.jp/thumbnails/46557677/46557677.50409514
so46557678,2026-07-19T23:00:00+09:00,2632720,1430,君のことが大大大大大好きな100人の彼女 第3期　第27話　国語教師はブロンドヘア,15469,3375,68,287,updated_at_was_moved,https://nicovideo.cdn.nimg.jp/thumbnails/46557678/46557678.1327811
so46557679,2026-07-18T21:30:00+09:00,2632720,1420,猫と竜　第4話　黒猫と王子,6853,731,15,220,updated_at_was_moved,https://nicovideo.cdn.nimg.jp/thumbnails/46557679/46557679.18692636
so46557697,2026-07-18T12:00:00+09:00,2632720,330,ぼのぼの(2016)　第521話　最後のおとうさんのイボ勝負,73,0,0,1,updated_at_was_moved,https://nicovideo.cdn.nimg.jp/thumbnails/46557697/46557697.32345756
so46557698,2026-07-18T12:00:00+09:00,2632720,103,ぬいストーリー2　第92話　チェリーのぬか床,123,0,1,1,updated_at_was_moved,https://nicovideo.cdn.nimg.jp/thumbnails/46557698/46557698.45216329
so46557699,2026-07-19T08:01:00+09:00,2632720,112,コウペンちゃん　第68話　「夏の電車に乗って」,213,10,1,6,updated_at_was_moved,https://nicovideo.cdn.nimg.jp/thumbnails/46557699/46557699.61190200
so46557717,2026-07-18T01:30:00+09:00,2632720,1425,ヘルモード ～やり込み好きのゲーマーは廃設定の異世界で無双する～　第15話　ダンジョンを攻略せよ,7063,515,10,154,updated_at_was_moved,https://nicovideo.cdn.nimg.jp/thumbnails/46557717/46557717.53977593
so46557718,2026-07-20T20:00:00+09:00,2632720,240,Animatica「北斗の拳 拳王軍ザコたちの挽歌」　第14話　荒野に咲く、一輪のふぁ～んなぁ！,1179,73,8,44,updated_at_was_moved,https://nicovideo.cdn.nimg.jp/thumbnails/46557718/46557718.11990368
so46557719,2026-07-21T18:00:00+09:00,2632720,1500,魔入りました！入間くん　第４シリーズ　第16話　問題児（アブノーマル）な無礼講／魔界の献身者,477,0,7,9,updated_at_was_moved,https://nicovideo.cdn.nimg.jp/thumbnails/46557719/46557719.96570737
so46557720,2026-07-21T17:00:00+09:00,2632720,1460,おねがいアイプリ　第16話　情熱のトップ・パワー,251,3,3,0,updated_at_was_moved,https://nicovideo.cdn.nimg.jp/thumbnails/46557720/46557720.10158626
so46557721,2026-07-20T02:00:00+09:00,2632720,1420,黒猫と魔女の教室　第15話　アストレアの悩み／ハーバリウム・ブック,1957,386,15,33,updated_at_was_moved,https://nicovideo.cdn.nimg.jp/thumbnails/46557721/46557721.60691577
so46557743,2026-07-18T23:00:00+09:00,2632720,1451,転生したらスライムだった件 第4期　第87話　不穏な気配,18165,1325,65,324,updated_at_was_moved,https://nicovideo.cdn.nimg.jp/thumbnails/46557743/46557743.28010733
so46557744,2026-07-19T00:00:00+09:00,2632720,1420,黄泉のツガイ　第十五話　ユルとダンジ,5934,547,18,118,updated_at_was_moved,https://nicovideo.cdn.nimg.jp/thumbnails/46557744/46557744.93926271
so46557745,2026-07-18T08:30:00+09:00,2632720,1460,カードファイト!! ヴァンガード 15周年リマスター　第14話　不死の恐怖！グランブルーデッキ,129,0,1,1,updated_at_was_moved,https://nicovideo.cdn.nimg.jp/thumbnails/46557745/46557745.41519137
so46557746,2026-07-18T18:00:00+09:00,2632720,1430,本好きの下剋上 領主の養女　第十四章　ハッセへの罰,6579,995,18,175,updated_at_was_moved,https://nicovideo.cdn.nimg.jp/thumbnails/46557746/46557746.70055134
so46557747,2026-07-19T07:30:00+09:00,2632720,160,小3アシベ QQゴマちゃん　第15話　焼肉一家,116,0,0,2,updated_at_was_moved,https://nicovideo.cdn.nimg.jp/thumbnails/46557747/46557747.9376653
so46557748,2026-07-20T22:00:00+09:00,2632720,1440,透明な夜に駆ける君と、目に見えない恋をした。　第3話　黄色い栞,1284,382,6,28,updated_at_was_moved,https://nicovideo.cdn.nimg.jp/thumbnails/46557748/46557748.15182244
so46557749,2026-07-21T00:00:00+09:00,2632720,1430,骸骨騎士様、只今異世界へお出掛け中Ⅱ　第3話　悪党散華と兄妹絆の舞,6871,864,30,167,updated_at_was_moved,https://nicovideo.cdn.nimg.jp/thumbnails/46557749/46557749.40657802
so46557900,2026-07-21T08:00:00+09:00,2632720,103,ちいかわ シーズン2　第360話　「たぬきだもん」,734,39,7,32,updated_at_was_moved,https://nicovideo.cdn.nimg.jp/thumbnails/46557900/46557900.26871467
so46573717,2026-07-22T23:30:00+09:00,2632720,1420,いびってこない義母と義姉　第2話　鴻蔵の護衛,5444,851,27,153,updated_at_was_moved,https://nicovideo.cdn.nimg.jp/thumbnails/46573717/46573717.24910346
so46573718,2026-07-22T18:00:00+09:00,2632720,120,地球大好き！きっくん　第4話　それすなわちオーパーツだつん,58,0,0,0,updated_at_was_moved,https://nicovideo.cdn.nimg.jp/thumbnails/46573718/46573718.36671928
so46573719,2026-07-22T02:30:00+09:00,2632720,1370,天は赤い河のほとり　第3話　還らない、還れない,690,102,8,12,updated_at_was_moved,https://nicovideo.cdn.nimg.jp/thumbnails/46573719/46573719.61497587
so46573720,2026-07-22T23:30:00+09:00,2632720,1443,『攻殻機動隊 THE GHOST IN THE SHELL』　第3話　JUNK JUNGLE ii + MEGATECH MACHINE i + ii,5838,875,18,190,updated_at_was_moved,https://nicovideo.cdn.nimg.jp/thumbnails/46573720/46573720.73630324
so46573721,2026-07-22T00:00:00+09:00,2632720,1420,きみが死ぬまで恋をしたい　第3話　ともだち,3855,729,18,92,updated_at_was_moved,https://nicovideo.cdn.nimg.jp/thumbnails/46573721/46573721.25038831
so46573722,2026-07-22T22:00:00+09:00,2632720,1420,クレバテスⅡ-魔獣の王と偽りの勇者伝承-　第3幕　勇者伝承とはじまりの町,4084,466,19,102,updated_at_was_moved,https://nicovideo.cdn.nimg.jp/thumbnails/46573722/46573722.24166067
so46573723,2026-07-22T23:00:00+09:00,2632720,1420,幼女戦記Ⅱ　第3話　善意の仲介人,17869,1571,57,409,updated_at_was_moved,https://nicovideo.cdn.nimg.jp/thumbnails/46573723/46573723.49341746
so46573724,2026-07-22T00:30:00+09:00,2632720,1420,手札が多めのビクトリア　第3話　頼られる存在になれなかった,3840,611,17,96,updated_at_was_moved,https://nicovideo.cdn.nimg.jp/thumbnails/46573724/46573724.69299732
so46573725,2026-07-22T22:00:00+09:00,2632720,328,パーフェクトアディクション　play.3,195,0,1,4,updated_at_was_moved,https://nicovideo.cdn.nimg.jp/thumbnails/46573725/46573725.45386723
so46573726,2026-07-22T07:30:00+09:00,2632720,175,TVアニメ「ちびゴジラの逆襲」　第113話　「ちびメカゴジラを勧誘せよ」,148,5,0,7,updated_at_was_moved,https://nicovideo.cdn.nimg.jp/thumbnails/46573726/46573726.41254926
so46573727,2026-07-22T22:30:00+09:00,2632720,1420,ヒロイン？聖女？いいえ、オールワークスメイドです（誇）！　第５話　シリアスは突然に,5830,752,24,138,updated_at_was_moved,https://nicovideo.cdn.nimg.jp/thumbnails/46573727/46573727.64089200
so46573728,2026-07-22T12:00:00+09:00,2632720,780,ネコのクラちゃん ～ クラレ王国 大陸のLutte Amor ～　Episode 10　クラレ王国のクリスマス,87,1,0,0,updated_at_was_moved,https://nicovideo.cdn.nimg.jp/thumbnails/46573728/46573728.52449286
so46573729,2026-07-22T18:00:00+09:00,2632720,1075,不死身な僕の日常　シーズン4　4　地下霊脈,235,0,2,1,updated_at_was_moved,https://nicovideo.cdn.nimg.jp/thumbnails/46573729/46573729.87733041
so46573730,2026-07-22T08:00:00+09:00,2632720,53,mofusand animation　第29話　行かないで～,180,3,1,7,updated_at_was_moved,https://nicovideo.cdn.nimg.jp/thumbnails/46573730/46573730.99530697
so46573731,2026-07-22T17:30:00+09:00,2632720,1447,正反対な君と僕　第15話　行く年来る年,1560,200,12,32,updated_at_was_moved,https://nicovideo.cdn.nimg.jp/thumbnails/46573731/46573731.22627495
so46573767,2026-07-22T08:00:00+09:00,2632720,99,パペットスンスン　第52話　フィットネス／おうえん,328,5,0,8,updated_at_was_moved,https://nicovideo.cdn.nimg.jp/thumbnails/46573767/46573767.40789640
so46573768,2026-07-22T00:00:00+09:00,2632720,1450,名探偵プリキュア！　第25話　キュアエクレールの正体,3208,0,18,75,updated_at_was_moved,https://nicovideo.cdn.nimg.jp/thumbnails/46573768/46573768.55420486
so46573769,2026-07-22T00:00:00+09:00,2632720,1439,鎧真伝サムライトルーパー　第15話　キョウエン,784,178,6,32,updated_at_was_moved,https://nicovideo.cdn.nimg.jp/thumbnails/46573769/46573769.56925492
so46573903,2026-07-24T00:00:00+09:00,2632720,1440,からくりサーカス　第27幕　転送 (ダウンロード),262,8,2,5,updated_at_was_moved,https://nicovideo.cdn.nimg.jp/thumbnails/46573903/46573903.25971170
so46573904,2026-07-24T00:00:00+09:00,2632720,1440,からくりサーカス　第17幕　訪れし者,259,26,2,6,updated_at_was_moved,https://nicovideo.cdn.nimg.jp/thumbnails/46573904/46573904.39862477
so46573905,2026-07-24T00:00:00+09:00,2632720,1440,からくりサーカス　第18幕　微笑,277,28,2,6,updated_at_was_moved,https://nicovideo.cdn.nimg.jp/thumbnails/46573905/46573905.68564715
so46573907,2026-07-24T00:00:00+09:00,2632720,1440,からくりサーカス　第19幕　影の正体,273,19,2,7,updated_at_was_moved,https://nicovideo.cdn.nimg.jp/thumbnails/46573907/46573907.22439044
so46573908,2026-07-24T00:00:00+09:00,2632720,1440,からくりサーカス　第20幕　黒い太陽,293,15,2,7,updated_at_was_moved,https://nicovideo.cdn.nimg.jp/thumbnails/46573908/46573908.47699014
so46573909,2026-07-24T00:00:00+09:00,2632720,1440,からくりサーカス　第21幕　銀色の女神,246,16,3,6,updated_at_was_moved,https://nicovideo.cdn.nimg.jp/thumbnails/46573909/46573909.33777644
so46573910,2026-07-24T00:00:00+09:00,2632720,1440,からくりサーカス　第22幕　「ハリー」へ向かう!!,225,15,2,7,updated_at_was_moved,https://nicovideo.cdn.nimg.jp/thumbnails/46573910/46573910.1562641
so46573911,2026-07-24T00:00:00+09:00,2632720,1440,からくりサーカス　第23幕　悪魔再び,271,6,2,4,updated_at_was_moved,https://nicovideo.cdn.nimg.jp/thumbnails/46573911/46573911.20236452
so46573912,2026-07-24T00:00:00+09:00,2632720,1440,からくりサーカス　第24幕　脱出へ,242,7,2,6,updated_at_was_moved,https://nicovideo.cdn.nimg.jp/thumbnails/46573912/46573912.85567139
so46573913,2026-07-24T00:00:00+09:00,2632720,1440,からくりサーカス　第25幕　モン・サン・ミッシェルにて,254,22,2,4,updated_at_was_moved,https://nicovideo.cdn.nimg.jp/thumbnails/46573913/46573913.76364212
so46573914,2026-07-24T00:00:00+09:00,2632720,1440,からくりサーカス　第26幕　アニマル・ショウ,270,18,2,4,updated_at_was_moved,https://nicovideo.cdn.nimg.jp/thumbnails/46573914/46573914.44147413
so46573915,2026-07-24T00:00:00+09:00,2632720,1440,からくりサーカス　第16幕　出会い,290,32,2,8,updated_at_was_moved,https://nicovideo.cdn.nimg.jp/thumbnails/46573915/46573915.39831476
so46573916,2026-07-24T00:00:00+09:00,2632720,1440,からくりサーカス　第28幕　ぶたちゃんはあるいていった,277,24,2,5,updated_at_was_moved,https://nicovideo.cdn.nimg.jp/thumbnails/46573916/46573916.64735152
so46573917,2026-07-24T00:00:00+09:00,2632720,1440,からくりサーカス　第29幕　しろがねのやったこと,212,9,2,4,updated_at_was_moved,https://nicovideo.cdn.nimg.jp/thumbnails/46573917/46573917.96616073
so46573918,2026-07-24T00:00:00+09:00,2632720,1440,からくりサーカス　第30幕　Pieta,232,9,2,3,updated_at_was_moved,https://nicovideo.cdn.nimg.jp/thumbnails/46573918/46573918.94384693
so46573944,2026-07-24T00:00:00+09:00,2632720,1440,からくりサーカス　第9幕　記憶,422,39,2,10,updated_at_was_moved,https://nicovideo.cdn.nimg.jp/thumbnails/46573944/46573944.11495632
so46573945,2026-07-24T00:00:00+09:00,2632720,1440,からくりサーカス　第36幕　閉幕,507,47,2,5,updated_at_was_moved,https://nicovideo.cdn.nimg.jp/thumbnails/46573945/46573945.81251578
so46573946,2026-07-24T00:00:00+09:00,2632720,1440,からくりサーカス　第35幕　抱擁,475,32,2,6,updated_at_was_moved,https://nicovideo.cdn.nimg.jp/thumbnails/46573946/46573946.77330504
so46573947,2026-07-24T00:00:00+09:00,2632720,1440,からくりサーカス　第34幕　背中を守る者,389,20,3,3,updated_at_was_moved,https://nicovideo.cdn.nimg.jp/thumbnails/46573947/46573947.15615391
so46573948,2026-07-24T00:00:00+09:00,2632720,1440,からくりサーカス　第33幕　仲町三人vsレディ・スパイダー,268,15,2,3,updated_at_was_moved,https://nicovideo.cdn.nimg.jp/thumbnails/46573948/46573948.54918682
so46573949,2026-07-24T00:00:00+09:00,2632720,1440,からくりサーカス　第32幕　暇乞い,257,16,2,5,updated_at_was_moved,https://nicovideo.cdn.nimg.jp/thumbnails/46573949/46573949.78120869
so46573950,2026-07-24T00:00:00+09:00,2632720,1440,からくりサーカス　第31幕　黒の流星,215,8,2,4,updated_at_was_moved,https://nicovideo.cdn.nimg.jp/thumbnails/46573950/46573950.20605620
so46573951,2026-07-24T00:00:00+09:00,2632720,1440,からくりサーカス　第15幕　はじまりの場所へ,310,34,2,8,updated_at_was_moved,https://nicovideo.cdn.nimg.jp/thumbnails/46573951/46573951.426453
so46573952,2026-07-24T00:00:00+09:00,2632720,1440,からくりサーカス　第14幕　夜更けの海,381,35,2,6,updated_at_was_moved,https://nicovideo.cdn.nimg.jp/thumbnails/46573952/46573952.67118571
so46573953,2026-07-24T00:00:00+09:00,2632720,1440,からくりサーカス　第13幕　ルシール,427,34,2,10,updated_at_was_moved,https://nicovideo.cdn.nimg.jp/thumbnails/46573953/46573953.67050844
so46573954,2026-07-24T00:00:00+09:00,2632720,1440,からくりサーカス　第12幕　「顔無し」司令,410,22,2,8,updated_at_was_moved,https://nicovideo.cdn.nimg.jp/thumbnails/46573954/46573954.60548416
so46573955,2026-07-24T00:00:00+09:00,2632720,1440,からくりサーカス　第11幕　ファンファーレ,378,39,2,12,updated_at_was_moved,https://nicovideo.cdn.nimg.jp/thumbnails/46573955/46573955.92979695
so46573956,2026-07-24T00:00:00+09:00,2632720,1440,からくりサーカス　第10幕　フランシーヌ,380,27,2,10,updated_at_was_moved,https://nicovideo.cdn.nimg.jp/thumbnails/46573956/46573956.58204846
so46573958,2026-07-24T00:00:00+09:00,2632720,1440,からくりサーカス　第8幕　一瞬の始まりと終わり,448,28,2,11,updated_at_was_moved,https://nicovideo.cdn.nimg.jp/thumbnails/46573958/46573958.88850361
so46573987,2026-07-24T00:00:00+09:00,2632720,1440,からくりサーカス　第1幕　開幕ベル,4616,255,175,93,updated_at_was_moved,https://nicovideo.cdn.nimg.jp/thumbnails/46573987/46573987.16225348
so46573988,2026-07-24T00:00:00+09:00,2632720,1440,からくりサーカス　第2幕　約束,892,87,4,21,updated_at_was_moved,https://nicovideo.cdn.nimg.jp/thumbnails/46573988/46573988.23681811
so46573989,2026-07-24T00:00:00+09:00,2632720,1440,からくりサーカス　第3幕　奈落,666,74,2,18,updated_at_was_moved,https://nicovideo.cdn.nimg.jp/thumbnails/46573989/46573989.75900714
so46573990,2026-07-24T00:00:00+09:00,2632720,1440,からくりサーカス　第4幕　コラン,667,48,3,15,updated_at_was_moved,https://nicovideo.cdn.nimg.jp/thumbnails/46573990/46573990.51380900
so46573991,2026-07-24T00:00:00+09:00,2632720,1440,からくりサーカス　第5幕　サーカス～出発,545,49,2,12,updated_at_was_moved,https://nicovideo.cdn.nimg.jp/thumbnails/46573991/46573991.36991244
so46573992,2026-07-24T00:00:00+09:00,2632720,1440,からくりサーカス　第6幕　地獄,518,33,2,14,updated_at_was_moved,https://nicovideo.cdn.nimg.jp/thumbnails/46573992/46573992.5332290
so46573993,2026-07-24T00:00:00+09:00,2632720,1440,からくりサーカス　第7幕　Demonic,558,24,2,11,updated_at_was_moved,https://nicovideo.cdn.nimg.jp/thumbnails/46573993/46573993.31442592
so46576938,2026-07-23T22:00:00+09:00,2632720,90,元祖！バンドリちゃん　第42話　ショートショートショート,535,11,5,13,updated_at_was_moved,https://nicovideo.cdn.nimg.jp/thumbnails/46576938/46576938.43986257
so46576939,2026-07-23T01:00:00+09:00,2632720,1440,花ざかりの君たちへ 第2期　ep.4　待っててあげる,358,49,2,4,updated_at_was_moved,https://nicovideo.cdn.nimg.jp/thumbnails/46576939/46576939.4186447
so46576940,2026-07-23T03:00:00+09:00,2632720,186,キャンディーカリエス　第15話　子育ては楽じゃない,90,4,0,1,updated_at_was_moved,https://nicovideo.cdn.nimg.jp/thumbnails/46576940/46576940.8598519
so46576941,2026-07-23T00:30:00+09:00,2632720,1421,神の雫　第15話　ワインにミステリーを添えて,308,3,2,6,updated_at_was_moved,https://nicovideo.cdn.nimg.jp/thumbnails/46576941/46576941.17692670
so46576942,2026-07-23T00:00:00+09:00,2632720,815,おねがい！ポコタ村長　第17話　AIの襲撃,67,0,0,0,updated_at_was_moved,https://nicovideo.cdn.nimg.jp/thumbnails/46576942/46576942.51464160
so46576943,2026-07-23T00:30:00+09:00,2632720,1431,スーパーの裏でヤニ吸うふたり　2本目　スーパーの裏で添えるふたり,7409,885,44,167,updated_at_was_moved,https://nicovideo.cdn.nimg.jp/thumbnails/46576943/46576943.97010046
so46576944,2026-07-23T01:00:00+09:00,2632720,210,同じゼミの染谷さんがセクシー女優だった話。【オンエア版】　第3話　「めっちゃ……興奮するね」,677,28,2,10,updated_at_was_moved,https://nicovideo.cdn.nimg.jp/thumbnails/46576944/46576944.45622427
so46576945,2026-07-23T22:00:00+09:00,2632720,1420,令和のダラさん　第四怪　「復活の谷跨斑」,12945,1995,45,405,updated_at_was_moved,https://nicovideo.cdn.nimg.jp/thumbnails/46576945/46576945.612355
so46576946,2026-07-23T00:30:00+09:00,2632720,1420,乙女ゲー世界はモブに厳しい世界です2　第3話　おい、クソガキ,5989,847,19,118,updated_at_was_moved,https://nicovideo.cdn.nimg.jp/thumbnails/46576946/46576946.67902326
so46576947,2026-07-23T21:40:00+09:00,2632720,699,文豪ストレイドッグス わん！２　#04　第４わん！,188,30,2,6,updated_at_was_moved,https://nicovideo.cdn.nimg.jp/thumbnails/46576947/46576947.15568983
so46577043,2026-07-27T00:00:00+09:00,2632720,3956,映画 きかんしゃトーマス オールスター☆パレード　本編,62,0,0,3,updated_at_was_moved,https://nicovideo.cdn.nimg.jp/thumbnails/46577043/46577043.48276554
so46577318,2026-07-23T23:00:00+09:00,2632720,1420,バンドリ！ ゆめ∞みた　#06　うんめい,840,223,7,14,updated_at_was_moved,https://nicovideo.cdn.nimg.jp/thumbnails/46577318/46577318.81463647
so46580387,2026-07-24T12:00:00+09:00,2632720,1405,ニンジャラ　第225話　潜入！ニンジャオタクの集い,63,0,0,0,updated_at_was_moved,https://nicovideo.cdn.nimg.jp/thumbnails/46580387/46580387.54444263
so46580388,2026-07-24T08:00:00+09:00,2632720,100,ちいかわ シーズン2　第361話　「いなりもち／冷凍うどん」,718,32,2,21,updated_at_was_moved,https://nicovideo.cdn.nimg.jp/thumbnails/46580388/46580388.23091955
so46580389,2026-07-24T00:00:00+09:00,2632720,1420,落第賢者の学院無双～二度目の転生、Sランクチート魔術師冒険録～　第５話　再会 -Through Her Eyes-,6085,846,16,87,updated_at_was_moved,https://nicovideo.cdn.nimg.jp/thumbnails/46580389/46580389.80814106
so46580390,2026-07-24T01:00:00+09:00,2632720,1420,ヤニねこ　第4話　ニャーのまわりは変人ばかりにゃ,9281,2119,26,175,updated_at_was_moved,https://nicovideo.cdn.nimg.jp/thumbnails/46580390/46580390.49351280
so46580391,2026-07-24T22:00:00+09:00,2632720,1420,ワールド イズ ダンシング　第四番　運ビの大きさは違えど,808,177,5,23,updated_at_was_moved,https://nicovideo.cdn.nimg.jp/thumbnails/46580391/46580391.43587511
so46580392,2026-07-24T03:08:00+09:00,2632720,1510,才女のお世話 高嶺の花だらけな名門校で、学院一のお嬢様(生活能力皆無)を陰ながらお世話することになりました　第03話　「再会」,3081,454,11,50,updated_at_was_moved,https://nicovideo.cdn.nimg.jp/thumbnails/46580392/46580392.90447572
so46580393,2026-07-24T04:00:00+09:00,2632720,1454,乙女怪獣キャラメリゼ　#04　恐怖の怪獣フェス,3792,880,20,92,updated_at_was_moved,https://nicovideo.cdn.nimg.jp/thumbnails/46580393/46580393.88882868
so46580394,2026-07-24T00:00:00+09:00,2632720,1429,メビウス・ダスト　第3話　ディアボリック・メテオ,477,35,2,8,updated_at_was_moved,https://nicovideo.cdn.nimg.jp/thumbnails/46580394/46580394.76347344
so46583781,2026-07-25T01:30:00+09:00,2632720,720,『うしろの正面カムイさん』ミニアニメ劇場　ミニアニメ劇場 その4,947,87,4,37,updated_at_was_moved,https://nicovideo.cdn.nimg.jp/thumbnails/46583781/46583781.82568492
so46583782,2026-07-26T02:20:00+09:00,2632720,1368,「きみを愛する気はない」と言った次期公爵様がなぜか溺愛してきます　第4話　微笑みの裏側,1829,284,10,46,updated_at_was_moved,https://nicovideo.cdn.nimg.jp/thumbnails/46583782/46583782.86202688
so46583783,2026-07-26T00:30:00+09:00,2632720,1440,『ぐらんぶる』Season 3　第3話　パスポート奪還作戦,1590,221,9,28,updated_at_was_moved,https://nicovideo.cdn.nimg.jp/thumbnails/46583783/46583783.41340427
so46583784,2026-07-26T18:00:00+09:00,2632720,1415,鉄鍋のジャン！　第3話　「負け犬の勝鬨」,1861,474,13,51,updated_at_was_moved,https://nicovideo.cdn.nimg.jp/thumbnails/46583784/46583784.65164546
so46583785,2026-07-26T00:30:00+09:00,2632720,1440,鬼の花嫁　第四話　花嫁への愛は永遠か？,1141,218,10,24,updated_at_was_moved,https://nicovideo.cdn.nimg.jp/thumbnails/46583785/46583785.69245365
so46583786,2026-07-25T23:00:00+09:00,2632720,1420,岩元先輩ノ推薦　《第４話》　屍人伝説ト瓦斯工場,265,14,3,5,updated_at_was_moved,https://nicovideo.cdn.nimg.jp/thumbnails/46583786/46583786.43562639
so46583787,2026-07-27T00:30:00+09:00,2632720,1440,さよならララ　第4話　姫と王子,148,51,4,5,updated_at_was_moved,https://nicovideo.cdn.nimg.jp/thumbnails/46583787/46583787.98600839
so46583788,2026-07-26T17:00:00+09:00,2632720,1426,レッツゴー怪奇組　第4話　第四怪,1536,501,8,77,updated_at_was_moved,https://nicovideo.cdn.nimg.jp/thumbnails/46583788/46583788.68176068
so46583789,2026-07-26T00:30:00+09:00,2632720,1420,グロウアップショウ ～ひまわりのサーカス団～　第4話　「素直になんか、なれなくて」,2933,1079,22,83,updated_at_was_moved,https://nicovideo.cdn.nimg.jp/thumbnails/46583789/46583789.94028932
so46583790,2026-07-27T01:15:00+09:00,2632720,510,アズールレーン びそくぜんしんっ！にっ！！　第4話　戦って勝ち取るんだよ！,127,2,1,3,updated_at_was_moved,https://nicovideo.cdn.nimg.jp/thumbnails/46583790/46583790.59677719
so46583791,2026-07-25T01:30:00+09:00,2632720,720,うしろの正面カムイさん【オンエア版】　第4話　口裂け女／ろくろ首,3886,485,17,88,updated_at_was_moved,https://nicovideo.cdn.nimg.jp/thumbnails/46583791/46583791.97793058
so46583793,2026-07-27T00:56:00+09:00,2632720,1421,追放された転生重騎士はゲーム知識で無双する　第4話　存在進化,462,49,2,12,updated_at_was_moved,https://nicovideo.cdn.nimg.jp/thumbnails/46583793/46583793.84359138
so46583794,2026-07-26T23:00:00+09:00,2632720,1430,君のことが大大大大大好きな100人の彼女 第3期　第28話　アイドル伝説恋太郎ファミリー,2509,1613,26,72,updated_at_was_moved,https://nicovideo.cdn.nimg.jp/thumbnails/46583794/46583794.76628656
so46583795,2026-07-25T22:00:00+09:00,2632720,1420,BLACK TORCH　#04　たりないふたり,578,28,4,13,updated_at_was_moved,https://nicovideo.cdn.nimg.jp/thumbnails/46583795/46583795.94405606
so46583828,2026-07-25T21:30:00+09:00,2632720,1420,猫と竜　第5話　白猫と少女,3994,600,15,134,updated_at_was_moved,https://nicovideo.cdn.nimg.jp/thumbnails/46583828/46583828.68372718
so46583829,2026-07-25T02:15:00+09:00,2632720,270,SEALOOK（シールック）2nd season　#1　#1,215,9,2,3,updated_at_was_moved,https://nicovideo.cdn.nimg.jp/thumbnails/46583829/46583829.45939569
so46583830,2026-07-27T00:15:00+09:00,2632720,1430,ふつつかな悪女ではございますが ～雛宮蝶鼠とりかえ伝～　第3話　胸を広げ、視線は前に,848,284,5,38,updated_at_was_moved,https://nicovideo.cdn.nimg.jp/thumbnails/46583830/46583830.65275943
so46583833,2026-07-26T07:30:00+09:00,2632720,300,プラノサウルス ガチコセイブツ部　第3話　ガチ・ダンクレオステウス大喜利,126,10,1,4,updated_at_was_moved,https://nicovideo.cdn.nimg.jp/thumbnails/46583833/46583833.70626950
so46583834,2026-07-25T00:00:00+09:00,2632720,1430,うちの弟どもがすみません　第4話　素直になれなくて,873,185,5,20,updated_at_was_moved,https://nicovideo.cdn.nimg.jp/thumbnails/46583834/46583834.19191959
so46583835,2026-07-26T02:30:00+09:00,2632720,1440,花織さんは転生しても喧嘩がしたい　第3話　ミッドナイトラン,1937,400,11,51,updated_at_was_moved,https://nicovideo.cdn.nimg.jp/thumbnails/46583835/46583835.90308812
so46583859,2026-07-25T18:00:00+09:00,2632720,1430,本好きの下剋上 領主の養女　第十五章　フリュートレーネの夜,4569,827,21,146,updated_at_was_moved,https://nicovideo.cdn.nimg.jp/thumbnails/46583859/46583859.24263308
so46583860,2026-07-26T22:00:00+09:00,2632720,1420,世界最強の後衛 ～迷宮国の新人探索者～　第四話　危急存亡の混浴,1065,192,12,23,updated_at_was_moved,https://nicovideo.cdn.nimg.jp/thumbnails/46583860/46583860.79896189
so46583862,2026-07-26T00:00:00+09:00,2632720,1423,天幕のジャードゥーガル　第5幕　蛇のまだらは外側に　人のまだらは内側に,1353,279,10,52,updated_at_was_moved,https://nicovideo.cdn.nimg.jp/thumbnails/46583862/46583862.24471559
so46583883,2026-07-25T12:00:00+09:00,2632720,330,ぼのぼの(2016)　第522話　ボクはウソをつかないよ,61,0,0,1,updated_at_was_moved,https://nicovideo.cdn.nimg.jp/thumbnails/46583883/46583883.37329459
so46583884,2026-07-25T12:00:00+09:00,2632720,102,ぬいストーリー2　第93話　帰って来たぬいバックスコーヒー,84,0,1,1,updated_at_was_moved,https://nicovideo.cdn.nimg.jp/thumbnails/46583884/46583884.2471317
so46583885,2026-07-26T08:01:00+09:00,2632720,193,コウペンちゃん　第69話　「あつい」,171,11,0,6,updated_at_was_moved,https://nicovideo.cdn.nimg.jp/thumbnails/46583885/46583885.93297306
so46583886,2026-07-25T01:30:00+09:00,2632720,1425,ヘルモード ～やり込み好きのゲーマーは廃設定の異世界で無双する～　第16話　王太子からの誘い,5301,594,16,149,updated_at_was_moved,https://nicovideo.cdn.nimg.jp/thumbnails/46583886/46583886.37505018
so46583889,2026-07-27T02:30:00+09:00,2632720,1420,黒猫と魔女の教室　第16話　イオ・トーラス がんばります,67,13,0,2,updated_at_was_moved,https://nicovideo.cdn.nimg.jp/thumbnails/46583889/46583889.24476400
so46583917,2026-07-25T23:00:00+09:00,2632720,1451,転生したらスライムだった件 第4期　第88話　夜明けの勇者グラン,10095,848,50,191,updated_at_was_moved,https://nicovideo.cdn.nimg.jp/thumbnails/46583917/46583917.20864421
so46583918,2026-07-26T00:00:00+09:00,2632720,1420,黄泉のツガイ　第十六話　影森と新郷,2824,278,21,90,updated_at_was_moved,https://nicovideo.cdn.nimg.jp/thumbnails/46583918/46583918.4866855
so46583919,2026-07-25T08:30:00+09:00,2632720,1460,カードファイト!! ヴァンガード 15周年リマスター　第15話　ハラハラ！？エミの初ファイト,195,1,1,1,updated_at_was_moved,https://nicovideo.cdn.nimg.jp/thumbnails/46583919/46583919.20841521
so46583920,2026-07-25T09:30:00+09:00,2632720,90,アニメ「リラックマ」（Rilakkuma）　#17,117,0,0,2,updated_at_was_moved,https://nicovideo.cdn.nimg.jp/thumbnails/46583920/46583920.85520103
so46583946,2026-07-26T07:30:00+09:00,2632720,160,小3アシベ QQゴマちゃん　第16話　明日,68,2,0,2,updated_at_was_moved,https://nicovideo.cdn.nimg.jp/thumbnails/46583946/46583946.13406324
so46583947,2026-07-26T07:30:00+09:00,2632720,160,テレビアニメ「クマーバ」シーズン3　第16話　アチチのみずあそび！,53,1,0,0,updated_at_was_moved,https://nicovideo.cdn.nimg.jp/thumbnails/46583947/46583947.18056431
so46583949,2026-07-27T00:00:00+09:00,2632720,1421,無職転生Ⅲ ～異世界行ったら本気だす～　第5話　お祝い,3226,579,24,98,updated_at_was_moved,https://nicovideo.cdn.nimg.jp/thumbnails/46583949/46583949.63780630
so46583950,2026-07-26T01:00:00+09:00,2632720,1420,魔法少女リリカルなのは EXCEEDS Gun Blaze Vengeance　＃04　夜海トワ Origin,3771,382,14,91,updated_at_was_moved,https://nicovideo.cdn.nimg.jp/thumbnails/46583950/46583950.83651143
so46583999,2026-07-26T12:00:00+09:00,2632720,1430,BLEACH 千年血戦篇　第41話　GOD OF THUNDER,7310,765,57,179,updated_at_was_moved,https://nicovideo.cdn.nimg.jp/thumbnails/46583999/46583999.43420872
